-- MySQL dump 10.13  Distrib 5.6.27, for debian-linux-gnu (x86_64)
--
-- Host: localhost    Database: placely
-- ------------------------------------------------------
-- Server version	5.6.27-0ubuntu0.14.04.1

/*!40101 SET @OLD_CHARACTER_SET_CLIENT=@@CHARACTER_SET_CLIENT */;
/*!40101 SET @OLD_CHARACTER_SET_RESULTS=@@CHARACTER_SET_RESULTS */;
/*!40101 SET @OLD_COLLATION_CONNECTION=@@COLLATION_CONNECTION */;
/*!40101 SET NAMES utf8 */;
/*!40103 SET @OLD_TIME_ZONE=@@TIME_ZONE */;
/*!40103 SET TIME_ZONE='+00:00' */;
/*!40014 SET @OLD_UNIQUE_CHECKS=@@UNIQUE_CHECKS, UNIQUE_CHECKS=0 */;
/*!40014 SET @OLD_FOREIGN_KEY_CHECKS=@@FOREIGN_KEY_CHECKS, FOREIGN_KEY_CHECKS=0 */;
/*!40101 SET @OLD_SQL_MODE=@@SQL_MODE, SQL_MODE='NO_AUTO_VALUE_ON_ZERO' */;
/*!40111 SET @OLD_SQL_NOTES=@@SQL_NOTES, SQL_NOTES=0 */;

--
-- Table structure for table `attachment_session`
--

DROP TABLE IF EXISTS `attachment_session`;
/*!40101 SET @saved_cs_client     = @@character_set_client */;
/*!40101 SET character_set_client = utf8 */;
CREATE TABLE `attachment_session` (
  `id` int(11) NOT NULL AUTO_INCREMENT,
  `attachment_id` int(11) DEFAULT NULL,
  `hash` varchar(32) DEFAULT NULL,
  PRIMARY KEY (`id`)
) ENGINE=InnoDB AUTO_INCREMENT=9 DEFAULT CHARSET=utf8;
/*!40101 SET character_set_client = @saved_cs_client */;

--
-- Dumping data for table `attachment_session`
--

LOCK TABLES `attachment_session` WRITE;
/*!40000 ALTER TABLE `attachment_session` DISABLE KEYS */;
INSERT INTO `attachment_session` VALUES (1,1,'Bw8n7cgjyylywvWG7TXCGel0uc20frz8'),(2,2,'Bw8n7cgjyylywvWG7TXCGel0uc20frz8'),(3,3,'Bw8n7cgjyylywvWG7TXCGel0uc20frz8'),(4,4,'Bw8n7cgjyylywvWG7TXCGel0uc20frz8'),(5,5,'Bw8n7cgjyylywvWG7TXCGel0uc20frz8'),(6,6,'lxDRAxDBQt8bHI9dJNhwBtYGI12RnYlP'),(7,7,'lxDRAxDBQt8bHI9dJNhwBtYGI12RnYlP'),(8,8,'lxDRAxDBQt8bHI9dJNhwBtYGI12RnYlP');
/*!40000 ALTER TABLE `attachment_session` ENABLE KEYS */;
UNLOCK TABLES;

--
-- Table structure for table `attachments`
--

DROP TABLE IF EXISTS `attachments`;
/*!40101 SET @saved_cs_client     = @@character_set_client */;
/*!40101 SET character_set_client = utf8 */;
CREATE TABLE `attachments` (
  `id` int(11) NOT NULL AUTO_INCREMENT,
  `notice_id` int(11) NOT NULL,
  `hash` varchar(255) NOT NULL,
  PRIMARY KEY (`id`)
) ENGINE=InnoDB AUTO_INCREMENT=9 DEFAULT CHARSET=utf8;
/*!40101 SET character_set_client = @saved_cs_client */;

--
-- Dumping data for table `attachments`
--

LOCK TABLES `attachments` WRITE;
/*!40000 ALTER TABLE `attachments` DISABLE KEYS */;
INSERT INTO `attachments` VALUES (1,1,'2ewmmj22amik8adfm'),(2,1,'2ewmmj34kqltec3gag'),(3,1,'2ewmmj2f4sbkmh29ig'),(4,1,'2ewmmj4pa2lb1jfva'),(5,1,'2ewmmj72e6ro2l6v3'),(6,2,'2ewmmj226vkkvei4lg'),(7,2,'2ewmmj23h89mm5farg'),(8,2,'2ewmmj5o17je8q0m7');
/*!40000 ALTER TABLE `attachments` ENABLE KEYS */;
UNLOCK TABLES;

--
-- Table structure for table `districts`
--

DROP TABLE IF EXISTS `districts`;
/*!40101 SET @saved_cs_client     = @@character_set_client */;
/*!40101 SET character_set_client = utf8 */;
CREATE TABLE `districts` (
  `id` int(11) NOT NULL AUTO_INCREMENT,
  `title` varchar(255) NOT NULL,
  `type` varchar(255) NOT NULL,
  PRIMARY KEY (`id`)
) ENGINE=InnoDB AUTO_INCREMENT=265 DEFAULT CHARSET=utf8;
/*!40101 SET character_set_client = @saved_cs_client */;

--
-- Dumping data for table `districts`
--

LOCK TABLES `districts` WRITE;
/*!40000 ALTER TABLE `districts` DISABLE KEYS */;
INSERT INTO `districts` VALUES (134,'Голосіївський','district'),(135,'Дарницький','district'),(136,'Деснянський','district'),(137,'Дніпровський','district'),(138,'Оболонський','district'),(139,'Печерський','district'),(140,'Подільський','district'),(141,'Святошинський','district'),(142,'Солом\'янський','district'),(143,'Шевченківський','district'),(144,'Голосієво','microdistrict'),(145,'Китаєво','microdistrict'),(146,'Мишоловка','microdistrict'),(147,'Саперна слобідка','microdistrict'),(148,'Добрий Шлях','microdistrict'),(149,'Корчувате','microdistrict'),(150,'Деміївка','microdistrict'),(151,'Теремки-I','microdistrict'),(152,'Теремки-II','microdistrict'),(153,'Чапаєвка','microdistrict'),(154,'Феофанія','microdistrict'),(155,'Пирогів','microdistrict'),(156,'Нижня Теличка','microdistrict'),(157,'Паньківщина','microdistrict'),(158,'ВДНГ','microdistrict'),(159,'Монтажник','microdistrict'),(160,'Комсомольське','microdistrict'),(161,'Жовтневе','microdistrict'),(162,'промзона «По вулиці Васильківської»','microdistrict'),(163,'промзона «Пирогово»','microdistrict'),(164,'промзона «Корчувате»','microdistrict'),(165,'промрайон «Теличка»','microdistrict'),(166,'Нова Дарниця','microdistrict'),(167,'Харківський масив','microdistrict'),(168,'Східні Позняки','microdistrict'),(169,'Західні Позняки','microdistrict'),(170,'Північні Осокорки','microdistrict'),(171,'Бортничі','microdistrict'),(172,'промзона «Осокорки»','microdistrict'),(173,'промзона «Позняки»','microdistrict'),(174,'промзона «Бортничі»','microdistrict'),(175,'промрайон «Дарницький»','microdistrict'),(176,'Вигурівщина-Троєщина','microdistrict'),(177,'Лісовий масив','microdistrict'),(178,'селище Троєщина','microdistrict'),(179,'Биківня','microdistrict'),(180,'промрайон Дніпровський','microdistrict'),(181,'промрайон Троєщина','microdistrict'),(182,'Соцмісто','microdistrict'),(183,'Стара Дарниця','microdistrict'),(184,'Русанівка','microdistrict'),(185,'Березняки','microdistrict'),(186,'Лівобережний масив','microdistrict'),(187,'Микільська слобідка ','microdistrict'),(188,'Воскресенка','microdistrict'),(189,'Русанівські сади','microdistrict'),(190,'Гідропарк','microdistrict'),(191,'Труханів острів','microdistrict'),(192,'Дарницький масив','microdistrict'),(193,'Райдужний масив','microdistrict'),(194,'Комсомольський масив (Київ)','microdistrict'),(195,'ДВРЗ','microdistrict'),(196,'промрайон «Дніпровський»','microdistrict'),(197,'промрайон «Воскресенське»','microdistrict'),(198,'Оболонь','microdistrict'),(199,'Вишгородський масив','microdistrict'),(200,'Мінський масив','microdistrict'),(201,'Пріорка','microdistrict'),(202,'Пуща-Водиця','microdistrict'),(203,'ДВС','microdistrict'),(204,'Петрівка','microdistrict'),(205,'промрайон «Подільсько-Куренівський»','microdistrict'),(206,'Печерськ','microdistrict'),(207,'Липки','microdistrict'),(208,'Звіринець','microdistrict'),(209,'Теличка','microdistrict'),(210,'Чорна гора','microdistrict'),(211,'Саперне поле','microdistrict'),(212,'Черепанова гора','microdistrict'),(213,'Поділ','microdistrict'),(214,'Куренівка','microdistrict'),(215,'Пріорка','microdistrict'),(216,'Мостицький масив','microdistrict'),(217,'Виноградар','microdistrict'),(218,'Вітряні гори','microdistrict'),(219,'Село Шевченка','microdistrict'),(220,'Біличе поле','microdistrict'),(221,'Берковець','microdistrict'),(222,'Микільська Борщагівка','microdistrict'),(223,'Південна Борщагівка','microdistrict'),(224,'Братська Борщагівка','microdistrict'),(225,'Михайлівська Борщагівка','microdistrict'),(226,'Перемога','microdistrict'),(227,'Жовтневе ','microdistrict'),(228,'Святошино','microdistrict'),(229,'Академмістечко','microdistrict'),(230,'Авіамістечко','microdistrict'),(231,'Біличі','microdistrict'),(232,'Новобіличі','microdistrict'),(233,'Ґалаґани','microdistrict'),(234,'промрайон «Микільська Борщагівка»','microdistrict'),(235,'промрайон «Відрадний»','microdistrict'),(236,'промрайон «Нивки»','microdistrict'),(237,'Солом\'янка','microdistrict'),(238,'Батиєва гора','microdistrict'),(239,'Залізничний масив','microdistrict'),(240,'Першотравневий масив','microdistrict'),(241,'Чоколівка','microdistrict'),(242,'Олександрівська слобідка','microdistrict'),(243,'Турецьке містечко','microdistrict'),(244,'Шулявка','microdistrict'),(245,'Залізнична колонія','microdistrict'),(246,'Пронівщина','microdistrict'),(247,'Совки','microdistrict'),(248,'Жуляни','microdistrict'),(249,'Кадетський гай','microdistrict'),(250,'Відрадний','microdistrict'),(251,'Грушки','microdistrict'),(252,'Караваєві дачі','microdistrict'),(253,'Новокараваєві дачі','microdistrict'),(254,'промрайон «Відрадний»','microdistrict'),(255,'промрайон «Біля станції Пост-Волинський»','microdistrict'),(256,'Лук\'янівка','microdistrict'),(257,'Кудрявець','microdistrict'),(258,'Татарка','microdistrict'),(259,'Сирець','microdistrict'),(260,'Волейків','microdistrict'),(261,'Шулявка','microdistrict'),(262,'Нивки','microdistrict'),(263,'Солдатська слобідка','microdistrict'),(264,'промзона «По вулиці Дегтярівській»','microdistrict');
/*!40000 ALTER TABLE `districts` ENABLE KEYS */;
UNLOCK TABLES;

--
-- Table structure for table `districts_notices`
--

DROP TABLE IF EXISTS `districts_notices`;
/*!40101 SET @saved_cs_client     = @@character_set_client */;
/*!40101 SET character_set_client = utf8 */;
CREATE TABLE `districts_notices` (
  `district_id` int(11) NOT NULL,
  `notice_id` int(11) NOT NULL,
  KEY `district_id` (`district_id`),
  KEY `notice_id` (`notice_id`),
  CONSTRAINT `districts_notices_ibfk_1` FOREIGN KEY (`district_id`) REFERENCES `districts` (`id`) ON DELETE CASCADE,
  CONSTRAINT `districts_notices_ibfk_2` FOREIGN KEY (`notice_id`) REFERENCES `notices` (`id`) ON DELETE CASCADE
) ENGINE=InnoDB DEFAULT CHARSET=utf8;
/*!40101 SET character_set_client = @saved_cs_client */;

--
-- Dumping data for table `districts_notices`
--

LOCK TABLES `districts_notices` WRITE;
/*!40000 ALTER TABLE `districts_notices` DISABLE KEYS */;
INSERT INTO `districts_notices` VALUES (139,1),(152,1),(139,2);
/*!40000 ALTER TABLE `districts_notices` ENABLE KEYS */;
UNLOCK TABLES;

--
-- Table structure for table `higlights`
--

DROP TABLE IF EXISTS `higlights`;
/*!40101 SET @saved_cs_client     = @@character_set_client */;
/*!40101 SET character_set_client = utf8 */;
CREATE TABLE `higlights` (
  `id` int(11) NOT NULL AUTO_INCREMENT,
  `title` varchar(255) NOT NULL,
  `icon` varchar(255) DEFAULT NULL,
  PRIMARY KEY (`id`)
) ENGINE=InnoDB AUTO_INCREMENT=4 DEFAULT CHARSET=utf8;
/*!40101 SET character_set_client = @saved_cs_client */;

--
-- Dumping data for table `higlights`
--

LOCK TABLES `higlights` WRITE;
/*!40000 ALTER TABLE `higlights` DISABLE KEYS */;
INSERT INTO `higlights` VALUES (1,'Wi-fi',NULL),(2,'TV',NULL),(3,'Холодильник',NULL);
/*!40000 ALTER TABLE `higlights` ENABLE KEYS */;
UNLOCK TABLES;

--
-- Table structure for table `higlights_notices`
--

DROP TABLE IF EXISTS `higlights_notices`;
/*!40101 SET @saved_cs_client     = @@character_set_client */;
/*!40101 SET character_set_client = utf8 */;
CREATE TABLE `higlights_notices` (
  `higlight_id` int(11) NOT NULL,
  `notice_id` int(11) NOT NULL,
  KEY `higlight_id` (`higlight_id`),
  KEY `notice_id` (`notice_id`),
  CONSTRAINT `higlights_notices_ibfk_1` FOREIGN KEY (`higlight_id`) REFERENCES `higlights` (`id`) ON DELETE CASCADE,
  CONSTRAINT `higlights_notices_ibfk_2` FOREIGN KEY (`notice_id`) REFERENCES `notices` (`id`) ON DELETE CASCADE
) ENGINE=InnoDB DEFAULT CHARSET=utf8;
/*!40101 SET character_set_client = @saved_cs_client */;

--
-- Dumping data for table `higlights_notices`
--

LOCK TABLES `higlights_notices` WRITE;
/*!40000 ALTER TABLE `higlights_notices` DISABLE KEYS */;
INSERT INTO `higlights_notices` VALUES (1,1),(3,1),(1,2),(3,2);
/*!40000 ALTER TABLE `higlights_notices` ENABLE KEYS */;
UNLOCK TABLES;

--
-- Table structure for table `metro`
--

DROP TABLE IF EXISTS `metro`;
/*!40101 SET @saved_cs_client     = @@character_set_client */;
/*!40101 SET character_set_client = utf8 */;
CREATE TABLE `metro` (
  `id` int(11) NOT NULL AUTO_INCREMENT,
  `title` varchar(255) NOT NULL,
  `icon` varchar(255) NOT NULL,
  PRIMARY KEY (`id`)
) ENGINE=InnoDB AUTO_INCREMENT=573 DEFAULT CHARSET=utf8;
/*!40101 SET character_set_client = @saved_cs_client */;

--
-- Dumping data for table `metro`
--

LOCK TABLES `metro` WRITE;
/*!40000 ALTER TABLE `metro` DISABLE KEYS */;
INSERT INTO `metro` VALUES (521,'Академмістечко','red'),(522,'Житомирська','red'),(523,'Святошин','red'),(524,'Нивки','red'),(525,'Берестейська','red'),(526,'Шулявська','red'),(527,'Політехнічний інститут','red'),(528,'Вокзальна','red'),(529,'Університет','red'),(530,'Театральна','red'),(531,'Хрещатик','red'),(532,'Арсенальна','red'),(533,'Дніпро','red'),(534,'Гідропарк','red'),(535,'Лівобережна','red'),(536,'Дарниця','red'),(537,'Чернігівська','red'),(538,'Лісова','red'),(539,'Героїв Дніпра','green'),(540,'Мінська','green'),(541,'Оболонь','green'),(542,'Петрівка','green'),(543,'Тараса Шевченка','green'),(544,'Контрактова площа','green'),(545,'Поштова площа','green'),(546,'Майдан Незалежності','green'),(547,'Площа Льва Толстого','green'),(548,'Олімпійська','green'),(549,' Палац «Україна»','green'),(550,'Либідська','green'),(551,'Деміївська','green'),(552,'Голосіївська','green'),(553,'Васильківська','green'),(554,'Виставковий центр','green'),(555,'Іподром','green'),(556,'Теремки','green'),(557,'Сирець','blue'),(558,'Дорогожичі','blue'),(559,'Лук\'янівка','blue'),(560,'Золоті ворота','blue'),(561,'Палац спорту','blue'),(562,'Кловська','blue'),(563,' Печерська','blue'),(564,'Дружби народів','blue'),(565,'Видубичі','blue'),(566,'Славутич','blue'),(567,'Осокорки','blue'),(568,'Позняки','blue'),(569,'Харківська','blue'),(570,'Вирлиця','blue'),(571,'Бориспільська','blue'),(572,'Червоний хутір','blue');
/*!40000 ALTER TABLE `metro` ENABLE KEYS */;
UNLOCK TABLES;

--
-- Table structure for table `metro_notices`
--

DROP TABLE IF EXISTS `metro_notices`;
/*!40101 SET @saved_cs_client     = @@character_set_client */;
/*!40101 SET character_set_client = utf8 */;
CREATE TABLE `metro_notices` (
  `metro_id` int(11) NOT NULL,
  `notice_id` int(11) NOT NULL,
  `foot` int(11) DEFAULT NULL,
  `transport` int(11) DEFAULT NULL,
  KEY `metro_id` (`metro_id`),
  KEY `notice_id` (`notice_id`),
  CONSTRAINT `metro_notices_ibfk_1` FOREIGN KEY (`metro_id`) REFERENCES `metro` (`id`) ON DELETE CASCADE,
  CONSTRAINT `metro_notices_ibfk_2` FOREIGN KEY (`notice_id`) REFERENCES `notices` (`id`) ON DELETE CASCADE
) ENGINE=InnoDB DEFAULT CHARSET=utf8;
/*!40101 SET character_set_client = @saved_cs_client */;

--
-- Dumping data for table `metro_notices`
--

LOCK TABLES `metro_notices` WRITE;
/*!40000 ALTER TABLE `metro_notices` DISABLE KEYS */;
INSERT INTO `metro_notices` VALUES (530,12,15,5),(560,12,0,0),(530,13,17,8),(527,13,20,10),(530,14,20,12),(552,14,25,10),(530,15,0,0),(560,16,10,5),(530,17,10,4),(560,17,12,3),(530,18,0,0),(530,19,0,0),(535,20,10,4),(527,21,10,5),(530,22,0,0),(527,22,0,0),(530,23,10,4),(560,23,4,0),(527,24,0,0),(526,24,0,0),(527,25,0,0),(527,26,0,0),(526,27,0,0),(547,28,6,2),(561,28,8,3),(527,1,10,0),(526,1,8,0),(562,2,10,5),(563,2,12,4);
/*!40000 ALTER TABLE `metro_notices` ENABLE KEYS */;
UNLOCK TABLES;

--
-- Table structure for table `notice_session`
--

DROP TABLE IF EXISTS `notice_session`;
/*!40101 SET @saved_cs_client     = @@character_set_client */;
/*!40101 SET character_set_client = utf8 */;
CREATE TABLE `notice_session` (
  `id` int(11) NOT NULL AUTO_INCREMENT,
  `notice_id` int(11) DEFAULT NULL,
  `hash` varchar(32) DEFAULT NULL,
  PRIMARY KEY (`id`)
) ENGINE=InnoDB DEFAULT CHARSET=utf8;
/*!40101 SET character_set_client = @saved_cs_client */;

--
-- Dumping data for table `notice_session`
--

LOCK TABLES `notice_session` WRITE;
/*!40000 ALTER TABLE `notice_session` DISABLE KEYS */;
/*!40000 ALTER TABLE `notice_session` ENABLE KEYS */;
UNLOCK TABLES;

--
-- Table structure for table `notices`
--

DROP TABLE IF EXISTS `notices`;
/*!40101 SET @saved_cs_client     = @@character_set_client */;
/*!40101 SET character_set_client = utf8 */;
CREATE TABLE `notices` (
  `id` int(11) NOT NULL AUTO_INCREMENT,
  `user_id` int(11) NOT NULL,
  `description` mediumtext NOT NULL,
  `total_space` float NOT NULL,
  `effective_space` float NOT NULL,
  `living_space` float NOT NULL,
  `map_lng` varchar(255) NOT NULL,
  `map_lat` varchar(255) NOT NULL,
  `rooms` int(11) NOT NULL,
  `price` int(11) NOT NULL,
  `type` varchar(255) NOT NULL,
  `status` varchar(255) NOT NULL,
  `street_id` int(11) DEFAULT NULL,
  `building` varchar(255) NOT NULL,
  `created_at` datetime NOT NULL,
  `updated_at` datetime NOT NULL,
  `deleted_at` datetime NOT NULL,
  PRIMARY KEY (`id`)
) ENGINE=InnoDB AUTO_INCREMENT=3 DEFAULT CHARSET=utf8;
/*!40101 SET character_set_client = @saved_cs_client */;

--
-- Dumping data for table `notices`
--

LOCK TABLES `notices` WRITE;
/*!40000 ALTER TABLE `notices` DISABLE KEYS */;
INSERT INTO `notices` VALUES (1,18,'Aliquam erat volutpat. Cras dapibus. Suspendisse feugiat. Etiam ut purus mattis mauris sodales aliquam. In hac habitasse platea dictumst.\r\n\r\nIn ac felis quis tortor malesuada pretium. Vestibulum turpis sem, aliquet eget, lobortis pellentesque, rutrum eu, nisl. Cras ultricies mi eu turpis hendrerit fringilla. Fusce egestas elit eget lorem. Sed mollis, eros et ultrices tempus, mauris ipsum aliquam libero, non adipiscing dolor urna a orci.\r\n\r\nDonec sodales sagittis magna. Curabitur nisi. Ut id nisl quis enim dignissim sagittis. Fusce fermentum. Nulla porta dolor.\r\n\r\nMorbi ac felis. Donec orci lectus, aliquam ut, faucibus non, euismod id, nulla. Curabitur ligula sapien, tincidunt non, euismod vitae, posuere imperdiet, leo. Nullam vel sem. Pellentesque ut neque.\r\n\r\nPraesent ut ligula non mi varius sagittis. Phasellus blandit leo ut odio. Duis arcu tortor, suscipit eget, imperdiet nec, imperdiet iaculis, ipsum. Nullam cursus lacinia erat. Donec sodales sagittis magna.',120,80,60,'30.451589000000013','50.447903',4,5500,'apartment','published',1463,'20','2015-11-10 19:06:42','2015-11-10 19:06:42','0000-00-00 00:00:00'),(2,18,'Всем привет. Ищем соседа (очень желательно мужского пола) в отдельную комнату в трехкомнатной квартире. Дом находится между двумя станциями метро (Печерская и Дворец Украины), к каждой из них идти минут 10. \r\nКомната отдельная. В комнате большая двухспальная кровать с ортопедический матрацом, шкаф, стол и тумбы. Металлопластиковые окна. В квартире есть вся необходимая бытовая техника. \r\nВ двух отдельных комнатах проживают две барышни, которые целыми днями работают, думаю как и Вы)) \r\nВсего за квартиру платим 8000 + коммунальные. Все это счастье делим на троих. \r\nЗаезжать можно хоть завтра. Фото приложила.',240,180,190,'30.539584399999967','50.4333705',3,7800,'apartment','published',785,'7','2015-11-10 19:19:29','2015-11-10 19:19:29','0000-00-00 00:00:00');
/*!40000 ALTER TABLE `notices` ENABLE KEYS */;
UNLOCK TABLES;

--
-- Table structure for table `streets`
--

DROP TABLE IF EXISTS `streets`;
/*!40101 SET @saved_cs_client     = @@character_set_client */;
/*!40101 SET character_set_client = utf8 */;
CREATE TABLE `streets` (
  `id` int(11) NOT NULL AUTO_INCREMENT,
  `name` varchar(255) NOT NULL,
  `real_name` varchar(255) NOT NULL,
  PRIMARY KEY (`id`)
) ENGINE=InnoDB AUTO_INCREMENT=1552 DEFAULT CHARSET=utf8;
/*!40101 SET character_set_client = @saved_cs_client */;

--
-- Dumping data for table `streets`
--

LOCK TABLES `streets` WRITE;
/*!40000 ALTER TABLE `streets` DISABLE KEYS */;
INSERT INTO `streets` VALUES (1,'40-RICHCHIA ZHOVTNIA (GOLOSIIVSKYI) AVENUE','40-річчя Жовтня (Голосіївський) вул'),(2,'AERODROMNA STREET','Аеродромна вул'),(3,'AGITATORSKA STREET','Агітаторська вул'),(4,'AGREGATNA STREET','Агрегатна вул'),(5,'AISTOVA STREET','Аїстова вул'),(6,'AIVAZOVSKOGO LANE','Айвазовського вул'),(7,'AKHMATOVOI ANNY STREET','Ахматової Анни вул'),(8,'AKHTYRSKA STREET','Ахтирська вул'),(9,'ALIAB\'IEVA STREET','Аляб\'єва вул'),(10,'ALMA-ATYNSKA STREET','Алма-Атинська вул'),(11,'AMOSOVA AKADEMIKA (SOFIIVSKA BORSHCHAGIVKA) LANE','Амосова Академіка (Софіївська Борщагівка) пер'),(12,'AMOSOVA AKADEMIKA (SOFIIVSKA BORSHCHAGIVKA) STREET','Амосова Академіка (Софіївська Борщагівка) вул'),(13,'AMOSOVA MYKOLY STREET','Амосова Миколи вул'),(14,'AMURSKA SQUARE','Амурська пл'),(15,'AMURSKA STREET','Амурська вул'),(16,'ANDRIIVSKA STREET','Андріївська вул'),(17,'ANDRIIVSKYI DESCENT','Андріївський узвіз'),(18,'ANDRIUSHCHENKA GRYGORIIA STREET','Андрющенка Григорія вул'),(19,'ANTONOVA AVIAKONSTRUKTORA STREET','Антонова Авіаконструктора вул'),(20,'ANYSHCHENKA STREET','Анищенка вул'),(21,'ARKHITEKTORSKA STREET','Архітекторська вул'),(22,'ARMIISKA STREET','Армійська вул'),(23,'ARSENALNA SQUARE','Арсенальна пл'),(24,'ARSENALNA STREET','Арсенальна вул'),(25,'ARSENALNYI LANE','Арсенальний пров'),(26,'ARTEMA (SICHOVYKH STRILTSIV) STREET','Артема (Сечевых Стрельцов) ул'),(27,'ARTEZIANSKYI LANE','Артезіанський вул'),(28,'ASKOLDIV LANE','Аскольдів пров'),(29,'ASTRAKHANSKA STREET','Астраханська вул'),(30,'ASTRAKHANSKYI LANE','Астраханський вул'),(31,'ASTRONOMICHNA STREET','Астрономічна вул'),(32,'AVDIEIENKA GENERALA STREET','Авдєєнка Генерала вул'),(33,'AVTOPARKOVA STREET','Автопаркова вул'),(34,'AVTOZAVODSKA STREET','Автозаводська вул'),(35,'AVTOZAVODSKYI LANE','Автозаводський пров'),(36,'AZERBAIDZHANSKA STREET','Азербайджанська вул'),(37,'AZOVSKA STREET','Азовська вул'),(38,'BAGGOVUTIVSKA STREET','Багговутівська вул'),(39,'BAIKALSKA STREET','Байкальська вул'),(40,'BAIKOVA STREET','Байкова вул'),(41,'BAKHA AKADEMIKA STREET','Баха Академіка вул'),(42,'BAKYNSKA STREET','Бакинська вул'),(43,'BAKYNSKYI LANE','Бакинський пров'),(44,'BAKYNSKYKH KOMISARIV LANE','Бакинських Комісарів пров'),(45,'BALAKIRIEVA STREET','Балакірєва вул'),(46,'BALTIISKYI LANE','Балтійський пров'),(47,'BALZAKA ONORE STREET','Бальзака Оноре вул'),(48,'BANKOVA STREET','Банкова вул'),(49,'BARBIUSA ANRI STREET','Барбюса Анрі вул'),(50,'BASEINA STREET','Басейна вул'),(51,'BASTIONNA STREET','Бастіонна вул'),(52,'BASTIONNYI LANE','Бастіонний пров'),(53,'BATUMSKA STREET','Батумська вул'),(54,'BATURYNSKA STREET','Батуринська вул'),(55,'BATURYNSKYI LANE','Батуринський пров'),(56,'BAZHANA MYKOLY AVENUE','Бажана Миколи просп'),(57,'BAZHOVA STREET','Бажова вул'),(58,'BEKHTEREVSKYI LANE','Бехтеревський пров'),(59,'BERDIANSKA STREET','Бердянська вул'),(60,'BERDIANSKYI LANE','Бердянський пров'),(61,'BERDYCHIVSKA STREET','Бердичівська вул'),(62,'BERESTETSKA STREET','Берестецька вул'),(63,'BERETTI VIKENTIIA STREET','Беретті Вікентія вул'),(64,'BEREZHANSKA STREET','Бережанська вул'),(65,'BEREZNEVA STREET (DARNICA)','Березнева (Дарниця) вул'),(66,'BEREZNIAKIVSKA STREET','Березняківська вул'),(67,'BERLYNSKOGO MAKSYMA STREET','Берлинського Максима вул'),(68,'BESSARABSKA SQUARE','Бессарабська пл'),(69,'BESTUZHEVA OLEKSANDRA LANE','Бестужева Олександра пров'),(70,'BESTUZHEVA OLEKSANDRA STREET','Бестужева Олександра вул'),(71,'BETKHOVENA STREET','Бетховена вул'),(72,'BIELINSKOGO CHESLAVA LANE','Бєлінського Чеслава пров'),(73,'BILGORODSKA STREET','Білгородська вул'),(74,'BILOKUR KATERYNY STREET','Білокур Катерини вул'),(75,'BILOMORSKA STREET','Біломорська вул'),(76,'BILORUSKA STREET','Білоруська вул'),(77,'BILYTSKA STREET','Білицька вул'),(78,'BILYTSKYI LANE','Білицький вул'),(79,'BIRIUZOVA MARSHALA STREET','Бірюзова Маршала вул'),(80,'BLAKYTNOGO STREET','Блакитного вул'),(81,'BLOKA OLEKSANDRA STREET','Блока Олександра вул'),(82,'BLYZHNOPECHERSKA STREET','Ближньопечерська вул'),(83,'BOBRUISKYI LANE','Бобруйський пров'),(84,'BOGATYRSKA STREET','Богатирська вул'),(85,'BOGDANIVSKA STREET','Богданівська вул'),(86,'BOGDANIVSKYI LANE','Богданівський пров'),(87,'BOGOLIUBOVA (SOFIIVSKA BORSHCHAGIVKA) STREET','Боголюбова (Софіївська Борщагівка) вул'),(88,'BOGOMOLTSIA AKADEMIKA STREET','Богомольця Академіка вул'),(89,'BOGUNSKA STREET','Богунська вул'),(90,'BOGUNSKYI LANE','Богунський пров'),(91,'BOGUSLAVSKYI DESCENT','Богуславський узвіз'),(92,'BOICHENKA OLEKSANDRA STREET','Бойченка Олександра вул'),(93,'BOIKA IVANA STREET','Бойка Івана вул'),(94,'BOIOVA STREET','Бойова вул'),(95,'BOLGARSKA (SOFIIVSKA BORSHCHAGIVKA) STREET','Болгарська (Софіївська Борщагівка) вул'),(96,'BONDARSKA STREET','Бондарська вул'),(97,'BONDARSKYI LANE','Бондарський пров'),(98,'BOROVA (BORTNYCHI) STREET','Борова (Бортничі) вул'),(99,'BOROVA STREET','Борова вул'),(100,'BOROVYCHENKO MARII STREET','Боровиченко Марії вул'),(101,'BOROVYI (BORTNYCHI) LANE','Боровий (Бортничі) пров'),(102,'BOROVYI LANE','Боровий пров'),(103,'BOROVYKOVSKOGO STREET','Боровиковського вул'),(104,'BORSHCHAGIVSKA STREET','Борщагівська вул'),(105,'BORTNYTSKA STREET','Бортницька вул'),(106,'BORTNYTSKYI LANE','Бортницький пров'),(107,'BORYCHIV DESCENT','Боричів узвіз'),(108,'BORYCHIV TIK STREET','Боричів Тік вул'),(109,'BORYSLAVSKA STREET','Бориславська вул'),(110,'BORYSOGLIBSKA STREET','Борисоглібська вул'),(111,'BORYSPILSKA STREET','Бориспільська вул'),(112,'BOTKINA STREET','Боткіна вул'),(113,'BOZHENKA STREET','Боженка вул'),(114,'BOZHENKA (S.TROIESHCHYNA) STREET','Боженка (с. Троєщина) вул'),(115,'BOZHKIV IAR STREET','Божків яр вул'),(116,'BRATSKA (SOFIIVSKA BORSHCHAGIVKA) STREET','Братська (Софіївська Борщагівка) вул'),(117,'BRATSKA STREET','Братська вул'),(118,'BRATYSLAVSKA STREET','Братиславська вул'),(119,'BREST-LYTOVSKYI LANE','Брест-литовський пров'),(120,'BRESTSKA STREET','Брестська вул'),(121,'BRIANSKA STREET','Брянська вул'),(122,'BRIULLOVA STREET','Брюллова вул'),(123,'BRIUSOVA STREET','Брюсова вул'),(124,'BROVARSKYI AVENUE','Броварський просп'),(125,'BUBNOVA ANDRIIA STREET','Бубнова Андрія вул'),(126,'BUCHMY AMVROSIIA STREET','Бучми Амвросія вул'),(127,'BUDIVELNYKIV LANE','Будівельників пров'),(128,'BUDIVELNYKIV STREET','Будівельників вул'),(129,'BUDIVELNYKIV (S.TROIESHCHYNA) STREET','Будівельників (с.Троєщина) вул'),(130,'BUDONNOGO (BORTNYCHI) STREET','Будьонного (Бортничі) вул'),(131,'BUDYSHCHANSKA STREET','Будищанська вул'),(132,'BUGORNA STREET','Бугорна вул'),(133,'BUGORNYI LANE','Бугорний пров'),(134,'BUIKA PROFESORA STREET','Буйка Професора вул'),(135,'BUKOVYNSKA STREET','Буковинська вул'),(136,'BULGAKOVA STREET','Булгакова вул'),(137,'BURDENKA LANE','Бурденка пров'),(138,'BURMYSTENKA LANE','Бурмистенка пров'),(139,'BURMYSTENKA STREET','Бурмистенка вул'),(140,'BUSLIVSKA STREET','Буслівська вул'),(141,'BUTLEROVA AKADEMIKA STREET','Бутлерова Академіка вул'),(142,'BYKIVSKYI LANE','Биківський вул'),(143,'BYKOVA LEONIDA BOULEVARD','Бикова Леоніда бульв'),(144,'BYSHIVSKYI LANE','Бишівський пров'),(145,'CHAADAIEVA PETRA (BORSHCHAGIVKA) STREET','Чаадаєва Петра (Борщагівка) вул'),(146,'CHAADAIEVA PETRA (M.LIVOBEREZHNA) STREET','Чаадаєва Петра вул (м. Лівобережна)'),(147,'CHABANIVSKA STREET','Чабанівська вул'),(148,'CHAIKINOI LIZY STREET','Чайкіної Лізи вул'),(149,'CHAPAIEVA STREET','Чапаєва вул'),(150,'CHAPLYGINA LANE','Чаплигіна пров'),(151,'CHAPLYGINA STREET','Чаплигіна вул'),(152,'CHAVDAR YELIZAVETY STREET','Чавдар Єлізавети вул'),(153,'CHEKHOVA (BORTNYCHI) STREET','Чехова (Бортничі) вул'),(154,'CHEKHOVA DRUGYI (BORTNYCHI) LANE','Чехова другий (Бортничі) пров'),(155,'CHEKHOVA PERSHYI (BORTNYCHI) LANE','Чехова перший (Бортничі) пров'),(156,'CHEKHOVSKYI LANE','Чеховський пров'),(157,'CHELIABINSKA STREET','Челябінська вул'),(158,'CHERESHNEVYI LANE','Черешневий пров'),(159,'CHERNIGIVSKA (KHARKIVSKYI) STREET','Чернігівська (Харківський) вул'),(160,'CHERNIGIVSKA (M.LIVOBEREZHNA) STREET','Чернігівська вул (м. Лівобережна)'),(161,'CHERNIGIVSKYI LANE','Чернігівський пров'),(162,'CHERVONA STREET','Червона вул'),(163,'CHERVONOARMIISKA (VELYKA VASYLKIVSKA) STREET','Червоноармійська (Велика Васильківська) вул'),(164,'CHERVONOARMIISKYI LANE','Червоноармійський пров'),(165,'CHERVONOARMIYSKA (VELYKA VASYL','Червоноармійська (Велика Васильківська) вул'),(166,'CHERVONOGVARDIISKA STREET','Червоногвардійська вул'),(167,'CHERVONOGVARDIISKYI LANE','Червоногвардійський пров'),(168,'CHERVONOPARTYZANSKA STREET','Червонопартизанська вул'),(169,'CHERVONOPILSKA STREET','Червонопільська вул'),(170,'CHERVONOPRAPORNA STREET','Червонопрапорна вул'),(171,'CHERVONOPRAPORNYI LANE','Червонопрапорний пров'),(172,'CHERVONOTKATSKA STREET','Червоноткацька вул'),(173,'CHERVONOZORIANYI AVENUE','Червонозоряний просп'),(174,'CHERVONYI LANE','Червоний пров'),(175,'CHESKA STREET','Чеська вул'),(176,'CHKALOVA (BORTNYCHI) STREET','Чкалова (Бортничі) вул'),(177,'CHOKOLIVSKYI BOULEVARD','Чоколівський бульвар'),(178,'CHORNOGIRSKA STREET','Чорногірська вул'),(179,'CHORNOMORSKA STREET','Чорноморська вул'),(180,'CHORNOVOLA V\'IACHESLAVA STREET','Чорновола В\'ячеслава вул'),(181,'CHUDNOVSKOGO STREET','Чудновського вул'),(182,'CHYGORINA STREET','Чигорина вул'),(183,'CHYGYRYNSKA STREET','Чигиринська вул'),(184,'CHYGYRYNSKYI LANE','Чигиринський пер'),(185,'DAMBOVA (RUSANIVSKI SADY) STREET','Дамбова (Русанівські сади) вул'),(186,'DANCHENKA SERGIIA STREET','Данченка Сергія вул'),(187,'DANKEVYCHA KOSTIANTYNA STREET','Данькевича Костянтина вул'),(188,'DARNYTSKYI BOULEVARD','Дарницький бульв'),(189,'DARVINA STREET','Дарвіна вул'),(190,'DASHAVSKA STREET','Дашавська вул'),(191,'DAVYDOVA OLEKSIIA BOULEVARD','Давидова Олексія бульв'),(192,'DEGTIARENKA PETRA STREET','Дегтяренка Петра вул'),(193,'DEGTIARIVSKA STREET','Дегтярівська вул'),(194,'DEGTIARNA STREET','Дегтярна вул'),(195,'DEKABRYSTIV STREET','Декабристів вул'),(196,'DELEGATSKYI LANE','Делегатський пров'),(197,'DEMIIVSKA STREET','Деміївська вул'),(198,'DEMIIVSKYI LANE','Деміївський пров'),(199,'DEMYDIVSKA (BORTNYCHI) STREET','Демидівська (Бортничі) вул'),(200,'DEPUTATSKA STREET','Депутатська вул'),(201,'DESIATYNNA STREET','Десятинна вул'),(202,'DESIATYNNYI LANE','Десятинний пров'),(203,'DESNIANSKA STREET','Деснянська вул'),(204,'DESNIANSKA (S.TROIESHCHYNA) STREET','Деснянська (с.Троєщина) вул'),(205,'DEV\'IATOGO TRAVNIA STREET','Дев\'ятого Травня вул'),(206,'DEZHNIEVA LANE','Дежнєва пров'),(207,'DEZHNIEVA STREET','Дежнєва вул'),(208,'DIACHENKO (BORTNYCHI) STREET','Дьяченко (Бортничі) вул'),(209,'DMYTRIVSKA (PETRIVKA) STREET','Дмитрівська (Петрівка) вул'),(210,'DMYTRIVSKA STREET','Дмитрівська вул'),(211,'DNIPRODZERZHYNSKA STREET','Дніпродзержинська вул'),(212,'DNIPROPETROVSKA STREET','Дніпропетровська ул'),(213,'DNIPROVA STREET','Дніпрова вул'),(214,'DNIPROVSKA EMBANKMENT','Дніпровська Набережна'),(215,'DNIPROVSKYI DESCENT','Дніпровський узвіз'),(216,'DNIPROVYI LANE','Дніпровий пров'),(217,'DNISTROVSKA STREET','Дніпровська вул'),(218,'DOBROLIUBOVA STREET','Добролюбова вул'),(219,'DOBROSUSIDSKA STREET','Добросусідська вул'),(220,'DOBROSUSIDSKYI LANE','Добросусідський пров'),(221,'DOBRYI SHLIAKH STREET','Добрий Шлях вул'),(222,'DOBRYNINSKA STREET','Добринінська вул'),(223,'DOKUCHAIEVSKA STREET','Докучаєвська вул'),(224,'DOKUCHAIEVSKYI LANE','Докучаєвський пров'),(225,'DOLYNNA STREET','Долинна вул'),(226,'DONCHUKA VASYLIA STREET','Дончука Василя вул'),(227,'DONETSKA STREET','Донецька вул'),(228,'DONSKA STREET','Донська вул'),(229,'DONSKYI LANE','Донський вул'),(230,'DOROGOZHYTSKA STREET','Дорогожицька вул'),(231,'DOSTOIEVSKOGO LANE','Достоєвського пров'),(232,'DOSTOIEVSKOGO STREET','Достоєвського вул'),(233,'DOVATORA GENERALA LANE','Доватора Генерала пров'),(234,'DOVATORA GENERALA STREET','Доватора Генерала вул'),(235,'DOVBUSHA OLEKSY STREET','Довбуша Олекси вул'),(236,'DOVNAR-ZAPOLSKOGO STREET','Довнар-Запольського вул'),(237,'DOVZHENKA STREET','Довженка вул'),(238,'DOVZHENKA (S.TROIESHCHYNA) STREET','Довженка (с.Троєщина) вул'),(239,'DRAGOMANOVA STREET','Драгоманова вул'),(240,'DRAGOMYROVA MYKHAILA STREET','Драгомирова Михайла вул'),(241,'DRAIZERA TEODORA STREET','Драйзера Теодора вул'),(242,'DRUZHBY NARODIV BOULEVARD','Дружби Народів бульвар'),(243,'DRUZHBY NARODIV SQUARE','Дружби Народів пл'),(244,'DRUZHNIA STREET','Дружня вул'),(245,'DUBENSKA STREET','Дубенська вул'),(246,'DUBININA VOLODI STREET','Дубініна Володі вул'),(247,'DUBOVOGO IVANA STREET','Дубового Івана вул'),(248,'DUBROVYTSKA STREET','Дубровицька вул'),(249,'DUBROVYTSKYI LANE','Дубровицький пер'),(250,'DUKY STEPANA STREET','Дуки Степана вул'),(251,'DUNDYCHA OLEKO STREET','Дундича Олеко вул'),(252,'DVINSKA STREET','Двінська вул'),(253,'DYBENKA PAVLA STREET','Дибенка Павла вул'),(254,'DYKANSKYI LANE','Диканський пров'),(255,'DYMYTROVA (SOFIIVSKA BORSHCHAGIVKA) STREET','Димитрова (Софіївська Борщагівка) вул'),(256,'DYMYTROVA STREET','Димитрова вул'),(257,'DYMYTROVA (S.TROIESHCHYNA) STREET','Димитрова (с. Троєщина) вул'),(258,'DZERZHYNSKOGO (S.TROIESHCHYNA) STREET','Дзержинського (с.Троєщина) вул'),(259,'DZHALILIA MUSY STREET','Джаліля Муси вул'),(260,'ELEKTROTEKHNICHNA STREET','Електротехнічна вул'),(261,'ELEKTRYKIV LANE','Електриків пров'),(262,'ELEKTRYKIV STREET','Електриків вул'),(263,'ENERGETYKIV LANE','Електриків вул'),(264,'ENERGETYKIV STREET','Енергетиків вул'),(265,'ENTUZIASTIV STREET','Ентузіастів вул'),(266,'ERENBURGA ILLI STREET','Еренбурга Іллі вул'),(267,'ERNSTA FEDORA STREET','Ернста Федора вул'),(268,'ESPLANADNA STREET','Еспланадна вул'),(269,'FANERNA STREET','Фанерна вул'),(270,'FASTIVSKA STREET','Фастівська вул'),(271,'FEDKOVYCHA LANE','Федьковича пров'),(272,'FEDKOVYCHA STREET','Федьковича вул'),(273,'FEDOROVA IVANA STREET','Федорова Івана вул'),(274,'FEDOSIEIEVA STREET','Федосєєва вул'),(275,'FEODOSIISKA STREET','Феодосійська вул'),(276,'FEODOSIISKYI LANE','Феодосійський пров'),(277,'FIALEKA IVANA STREET','Фіалека Івана вул'),(278,'FILATOVA AKADEMIKA LANE','Філатова Академіка пров'),(279,'FILATOVA AKADEMIKA STREET','Філатова Академіка вул'),(280,'FIZKULTURY LANE','провулок Фізкультури'),(281,'FIZKULTURY STREET','Фізкультури вул'),(282,'FLORENTSII STREET','Флоренції вул'),(283,'FRANKA IVANA (SOFIIVSKA BORSHCHAGIVKA) STREET','Франка Івана (Софіївська Борщагівка) вул'),(284,'FRANKA IVANA SQUARE','Франка Івана пл'),(285,'FRANKA IVANA STREET','Франка Івана вул'),(286,'FROLIVSKA STREET','Фролівська вул'),(287,'FROMETIVSKA STREET','Фрометівська вул'),(288,'FROMETIVSKYI DESCENT','Фрометівський узвіз'),(289,'FRUKTOVA STREET','Фруктова вул'),(290,'FRUNZE (BORTNYCHI) STREET','Фрунзе (Бортничі) вул'),(291,'FRUNZE STREET','Фрунзе вул'),(292,'FRUNZE (S.TROIESHCHYNA) STREET','Фрунзе (с.Троєщина) вул'),(293,'FUCHYKA YULIUSA STREET','Фучика Юліуса вул'),(294,'FURMANOVA STREET','Фурманова вул'),(295,'GAGARINA YURIIA AVENUE (DARNICA)','Гагаріна Юрія просп'),(296,'GAIDAI ZOI STREET','Гайдай Зої вул'),(297,'GAIDARA STREET','Гайдара вул'),(298,'GAIOVA STREET','Гайова вул'),(299,'GAISYNSKA STREET','Гайсинська вул'),(300,'GAITSANA MYKOLY STREET','Гайцана Миколи вул'),(301,'GALANA YAROSLAVA STREET','Галана Ярослава вул'),(302,'GALYTSKA STREET','Галицька вул'),(303,'GARINA BORYSA STREET','Гаріна Бориса вул'),(304,'GARMATNA STREET','Гарматна вул'),(305,'GASHEKA YAROSLAVA BOULEVARD','Гашека Ярослава бульв'),(306,'GASTELLO MYKOLY STREET','Гастелло Миколи вул'),(307,'GATNA STREET','Гатна вул'),(308,'GAVANSKYI LANE','Гаванський пров'),(309,'GAVRO LAIOSHA STREET','Гавро Лайоша вул'),(310,'GAVRYLIUKA OLEKSANDRA STREET','Гаврилюка Олександра вул'),(311,'GEORGIIVSKYI LANE','Георгіївський пров'),(312,'GEROIV BRESTU AREA','Героїв Бресту пл'),(313,'GEROIV DNIPRA STREET','Героїв Дніпра вул'),(314,'GEROIV KOSMOSU STREET','Героїв Космосу вул'),(315,'GEROIV KRUT STREET','Героїв Крут вул'),(316,'GEROIV OBORONY STREET','Героїв Оборони вул'),(317,'GEROIV STALINGRADU AVENUE','Героїв Сталінграду просп'),(318,'GEROIV VIINY STREET','Героїв Війни вул'),(319,'GERTSENA STREET','Герцена вул'),(320,'GETMANA VADYMA STREET','Гетьмана Вадима вул'),(321,'GIDROPARK','Гидропарк'),(322,'GILLIASTYI LANE','Гіллястий пров'),(323,'GLAZUNOVA STREET','Глазунова вул'),(324,'GLIBOVA STREET','Глібова вул'),(325,'GLINKY STREET','Глінки вул'),(326,'GLUKHIVSKA STREET','Глухівська вул'),(327,'GLUSHKOVA AKADEMIKA AVENUE','Глушкова Академіка просп'),(328,'GLYBOCHYTSKA STREET','Глибочицька вул'),(329,'GMYRI BORYSA STREET','Гмирі Бориса вул'),(330,'GOGOLIA (S.TROIESHCHYNA) STREET','Гоголя (с.Троєщина) вул'),(331,'GOGOLIA (ZHULIANY) STREET','Гоголя (Жуляни) вул'),(332,'GOGOLIVSKA STREET','Гоголівська вул'),(333,'GOLOSIIVSKA SQUARE','Голосіївська пл'),(334,'GOLOSIIVSKA STREET','Голосіївська вул'),(335,'GOLOSIIVSKYI LANE','Голосіївський пров'),(336,'GOLOVANOVA STEPANA STREET','Голованова Степана вул'),(337,'GOLOVKA ANDRIIA STREET','Головка Андрія вул'),(338,'GOMELSKA STREET','Гомельська вул'),(339,'GOMELSKYI LANE','Гомельський пров'),(340,'GONCHARA OLESIA STREET','Гончара Олеся вул'),(341,'GONCHARNA STREET','Гончарна вул'),(342,'GONGADZE / RADIANSKOI UKRAINY AVENUE','Гонгадзе / Радянської України проспект'),(343,'GONTY IVANA STREET','Гонти Івана вул'),(344,'GORBUNOVA AKADEMIKA STREET','Горбунова Академіка вул'),(345,'GORDIIENKA KOSTIA LANE','Гордієнка Костя пров'),(346,'GORKOGO (ANTONOVYCHA) STREET','Горького (Антоновича) вул'),(347,'GORKOGO (S.TROIESHCHYNA) STREET','Горького (с.Троєщина) вул'),(348,'GORKOGO (ZHULIANY) STREET','Горького (Жуляни) вул'),(349,'GORLIVSKA STREET','Горлівська вул'),(350,'GORODETSKOGO ARKHITEKTORA STREET','Городецького Архітектора вул'),(351,'GORODNIA STREET','Городня вул'),(352,'GORODYSHCHENSKA STREET','Городищенська вул'),(353,'GOROVYTSIA OLEKSANDRA STREET','Горовиця Олександра вул'),(354,'GORYSTA STREET','Гориста вул'),(355,'GORYSTYI LANE','Гористий пров'),(356,'GOSPITALNA STREET','Госпітальна вул'),(357,'GOSPITALNYI LANE','Госпітальний пров'),(358,'GOSTYNNA STREET','Гостинна вул'),(359,'GOSTYNNYI LANE','Гостинний пров'),(360,'GOVOROVA MARSHALA STREET','Говорова Маршала вул'),(361,'GRABOVSKOGO PAVLA LANE','Грабовського Павла пров'),(362,'GRABOVSKOGO PAVLA STREET','Грабовського Павла вул'),(363,'GRADYNSKA STREET','Градинська вул'),(364,'GREBINKY STREET','Гребінки вул'),(365,'GREKOVA AKADEMIKA STREET','Грекова Академіка вул'),(366,'GRINCHENKA BORYSA STREET','Грінченка Бориса вул'),(367,'GRINCHENKA MYKOLY STREET','Грінченка Миколи вул'),(368,'GRODNENSKA STREET','Гродненська вул'),(369,'GRODNENSKYI LANE','Гродненський пров'),(370,'GROMADSKA STREET','Громадська вул'),(371,'GROMOVOI ULIANY STREET','Громової Уляни вул'),(372,'GROZNENSKA STREET','Грозненська вул'),(373,'GRUSHEVSKOGO MYKHAILA STREET','Грушевського Михайла вул'),(374,'GRUZYNSKA STREET','Грузинська вул'),(375,'GRUZYNSKYI LANE','Грузинський пров'),(376,'GRYGORENKA PETRA AVENUE','Григоренка Петра вул'),(377,'GRYGOROVYCHA-BARSKOGO STREET','Григоровича-Барського вул'),(378,'GRYSHKA MYKHAILA STREET','Гришка Михайла вул'),(379,'GUCHNYI LANE','Гучний вул'),(380,'GULAKA MYKOLY STREET','Гулака Миколи вул'),(381,'GURAMISHVILI DAVYDA STREET','Гурамішвілі Давида вул'),(382,'GUSOVSKOGO STREET','Гусовського вул'),(383,'GVARDIISKA STREET','Гвардійська вул'),(384,'IGORIVSKA STREET','Ігорівська вул'),(385,'ILLICHA STREET','Ілліча вул'),(386,'ILLINSKA STREET','Іллінська вул'),(387,'INDUSTRIALNYI LANE','Індустріальний пров'),(388,'INGULSKYI LANE','Інгульський пров'),(389,'INSTYTUTSKA STREET','Інститутська вул'),(390,'INZHENERNYI (BORTNYCHI) LANE','Інженерний (Бортничі) пров'),(391,'INZHENERNYI LANE','Інженерний пров'),(392,'IRCHANA MYROSLAVA STREET','Ірчана Мирослава вул'),(393,'IRTYSKA STREET','Іртиська вул'),(394,'IRYNYNSKA STREET','Ірининська вул'),(395,'ISAAKIANA STREET','Ісаакяна вул'),(396,'ISKRIVSKA STREET','Іскрівська вул'),(397,'IVANOVA ANDRIIA STREET','Іванова Андрія вул'),(398,'IVASHKEVYCHA YAROSLAVA STREET','Івашкевича Ярослава вул'),(399,'IZIUMSKA STREET','Ізюмська вул'),(400,'KABELNA STREET','Кабельна вул'),(401,'KACHURY YAKOVA LANE','Качури Якова пер'),(402,'KACHURY YAKOVA STREET','Качури Якова вул'),(403,'KADETSKYI GAI STREET','Кадетський Гай вул'),(404,'KADIIVSKYI LANE','Кадіївський пров'),(405,'KAISAROVA STREET','Кайсарова вул'),(406,'KAKHOVSKA STREET','Каховська вул'),(407,'KALACHIVSKA STREET','Калачівська вул'),(408,'KALININGRADSKA STREET','Калінінградська вул'),(409,'KALININSKA STREET','Калінінська вул'),(410,'KAMENIARIV LANE','Каменярів пров'),(411,'KAMENIARIV STREET','Каменярів вул'),(412,'KAMENIEVA KOMANDARMA STREET','Каменєва Командарма вул'),(413,'KANALNA STREET','Канальна вул'),(414,'KANIVSKA STREET','Канівська вул'),(415,'KARAVAIEVA PROFESORA STREET','Караваєва Професора вул'),(416,'KARBYSHEVA GENERALA STREET','Карбишева Генерала вул'),(417,'KARELOVSKA STREET','Кареловська вул'),(418,'KARELSKYI LANE','Карельський пров'),(419,'KARMELIUKA USTYMA LANE','Кармелюка Устима пров'),(420,'KARMELIUKA USTYMA STREET','Кармелюка Устима вул'),(421,'KARPYNSKOGO AKADEMIKA STREET','Карпинського Академіка вул'),(422,'KARTVELISHVILI STREET','Картвелішвілі вул'),(423,'KASHCHENKA AKADEMIKA STREET','Кащенка Академіка вул'),(424,'KASHTANOVA STREET','Каштанова вул'),(425,'KASIIANA VASYLIA STREET','Касіяна Василя вул'),(426,'KAUNASKA STREET','Каунаська вул'),(427,'KAVALERIDZE IVANA STREET','Кавалерідзе Івана вул'),(428,'KAVKAZKA STREET','Кавказька вул'),(429,'KAZANSKA STREET','Казанська вул'),(430,'KEMEROVSKA STREET','Кемеровська вул'),(431,'KERAMICHNYI LANE','Керамічний пров'),(432,'KERCHENSKA STREET','Керченська вул'),(433,'KHARKIVSKE HIGHWAY','Харківське шосе'),(434,'KHARKIVSKYI LANE','Харківський пров'),(435,'KHMELNYTSKOGO BOGDANA STREET','Хмельницького Богдана вул'),(436,'KHMELNYTSKOGO (TROIESHCHYNA) STREET','Хмельницького (Троєщина) вул'),(437,'KHOKHLOVYKH SIM\'I STREET','Хохлових Сім\'ї вул'),(438,'KHOLMOGORSKA STREET','Холмогорська вул'),(439,'KHOLMOGORSKYI LANE','Холмогорський пров'),(440,'KHOROLSKA STREET','Хорольська вул'),(441,'KHOROLSKYI LANE','Хорольський пров'),(442,'KHORTYTSKA STREET','Хортицька вул'),(443,'KHORTYTSKYI LANE','Хортицький пров'),(444,'KHORYVA LANE','Хорива вул'),(445,'KHORYVA STREET','Хорива вул'),(446,'KHOTIVSKA STREET','Хотівська вул'),(447,'KHRESHCHATYK STREET','Хрещатик вул'),(448,'KHUTIRSKA STREET','Хутірська вул'),(449,'KHUTIRSKYI LANE','Хутірський пров'),(450,'KHUTOIARIVSKYI LANE','Хутоярівський пров'),(451,'KHVOIKY VIKENTIIA STREET','Хвойки Вікентія вул'),(452,'KIKVIDZE STREET','Кіквідзе вул'),(453,'KILTSEVA (OKRUZHNA) ROAD','Кільцева (Окружна) дорога'),(454,'KILTSEVA ROAD','Кільцева дорога'),(455,'KINTSEVA STREET','Кінцева вул'),(456,'KIOTO STREET','Кіото вул'),(457,'KIPRIANOVA AKADEMIKA STREET','Кипріанова Академіка вул'),(458,'KIROVA (S.TROIESHCHYNA) STREET','Кірова (с.Троєщина) вул'),(459,'KIROVOGRADSKA STREET','Кіровоградська вул'),(460,'KIROVOGRADSKYI LANE','Кіровоградський вул'),(461,'KIROVSKA STREET','Кіровська вул'),(462,'KIRPY GEORGIIA STREET','Кірпи Георгія вул'),(463,'KLEMANSKA STREET','Клеманська вул'),(464,'KLENOVYI LANE','Кленовий пров'),(465,'KLINICHNA STREET','Клінічна вул'),(466,'KLINICHNYI LANE','Клінічний вул'),(467,'KLOVSKYI DESCENT','Кловський узвіз'),(468,'KLYMENKA IVANA STREET','Клименка Івана вул'),(469,'KNIAZHYI ZATON STREET','Княжий Затон вул'),(470,'KOBYLIANSKOI OLGY LANE','Кобилянської Ольги вул'),(471,'KOBYLIANSKOI OLGY STREET','Кобилянської Ольги вул'),(472,'KOBZARSKA STREET','Кобзарська вул'),(473,'KOBZARSKYI LANE','Кобзарський пров'),(474,'KOCHERGY IVANA LANE','Кочерги Івана пров'),(475,'KOCHERGY IVANA STREET','Кочерги Івана вул'),(476,'KOCHUBEIVSKA STREET','Кочубеївська вул'),(477,'KOLASA YAKUBA STREET','Коласа Якуба вул'),(478,'KOLEKTORNA (BORTNYCHI) STREET','Колекторна (Бортничі) вул'),(479,'KOLEKTORNYI (BORTNYCHI) LANE','Колекторний (Бортничі) пров'),(480,'KOLEKTYVIZATSII STREET','Колективізації вул'),(481,'KOLOMYISKYI LANE','Коломийський пров'),(482,'KOLTSOVA BOULEVARD','Кольцова бул'),(483,'KOMBAINERIV STREET','Комбайнерів вул'),(484,'KOMBINATNA STREET','Комбінатна вул'),(485,'KOMINTERNU (BORTNYCHI) STREET','Комінтерну (Бортничі) вул'),(486,'KOMSOMOLSKA (ZHULIANY) STREET','Комсомольська (Жуляни) вул'),(487,'KONDRATIUKA YURIIA STREET','Кондратюка Юрія вул'),(488,'KONDUKTORSKA STREET','Кондукторська вул'),(489,'KONIEVA MARSHALA STREET','Конєва Маршала вул'),(490,'KONOPLIANSKA STREET','Коноплянська вул'),(491,'KONOTOPSKA STREET','Конотопська вул'),(492,'KONSTYTUTSII SQUARE','Конституції пл'),(493,'KONTRAKTOVA SQUARE','Контрактова пл'),(494,'KOOPERATYVNA STREET','Кооперативна вул'),(495,'KOPAIGORODSKA STREET','Копайгородська вул'),(496,'KOPERNYKA STREET','Коперника вул'),(497,'KOPYLENKA OLEKSANDRA STREET','Копиленка Олександра вул'),(498,'KOPYLIVSKA STREET','Копилівська вул'),(499,'KORABELNA STREET','Корабельна вул'),(500,'KORCHUVATSKA STREET','Корчуватська вул'),(501,'KORCHUVATSKYI LANE','Корчуватський пров'),(502,'KOROLENKIVSKA STREET','Короленківська вул'),(503,'KOROLOVA AKADEMIKA AVENUE','Корольова Академіка просп'),(504,'KOROLOVA AKADEMIKA STREET','Корольова Академіка вул'),(505,'KORSUN-SHEVCHENKIVSKA STREET','Корсунь-Шевченківська вул'),(506,'KOSENKA STREET','Косенка вул'),(507,'KOSHOVOGO OLEGA LANE','Кошового Олега пров'),(508,'KOSHOVOGO OLEGA STREET','Кошового Олега вул'),(509,'KOSHYTSIA OLEKSANDRA STREET','Кошиця Олександра вул'),(510,'KOSMICHNA STREET','Космічна вул'),(511,'KOSMODEM\'IANSKOI ZOI STREET','Космодем\'янської Зої вул'),(512,'KOSOGIRNYI LANE','Косогірний пров'),(513,'KOSTIANTYNIVSKA STREET','Костянтинівська вул'),(514,'KOSTIUKA STREET','Костюка вул'),(515,'KOSTOLNA STREET','Костьольна вул'),(516,'KOSTYCHEVA AKADEMIKA STREET','Костичева Академіка вул'),(517,'KOTELNYKOVA MYKHAILA STREET','Котельникова Михайла вул'),(518,'KOTLIAREVSKOGO STREET','Котляревського вул'),(519,'KOTOVSKOGO STREET','Котовського вул'),(520,'KOTSIUBYNSKOGO MYKHAILA STREET','Коцюбинського Михайла вул'),(521,'KOTSIUBYNSKOGO YURIIA STREET','Коцюбинського Юрія вул'),(522,'KOVALSKYI LANE','Ковальський пров'),(523,'KOVELSKA STREET','Ковельська вул'),(524,'KOVPAKA STREET','Ковпака вул'),(525,'KOZATSKA STREET','Козацька вул'),(526,'KOZHUM\'IATSKA STREET','Кожум\'яцька вул'),(527,'KOZIATYNSKA STREET','Козятинська вул'),(528,'KOZIATYNSKYI LANE','Козятинський пров'),(529,'KOZLOVSKOGO IVANA LANE','Козловського Івана пров'),(530,'KOZYTSKOGO PYLYPA STREET','Козицького Пилипа вул'),(531,'KRAINIA STREET','Крайня вул'),(532,'KRAKIVSKA STREET','Краківська вул'),(533,'KRAMATORSKA STREET','Краматорська вул'),(534,'KRAMATORSKYI LANE','Краматорський пров'),(535,'KRAMSKOGO IVANA STREET','Крамського Івана вул'),(536,'KRASNODONSKA STREET','Краснодонська вул'),(537,'KRASNODONSKYI LANE','Краснодонський пров'),(538,'KRASNOKUTSKA STREET','Краснокутська вул'),(539,'KRASNOKUTSKYI LANE','Краснокутський пров'),(540,'KRASNOVA MYKOLY STREET','Краснова Миколи вул'),(541,'KRASNOVODSKA STREET','Красноводська вул'),(542,'KRASNOVODSKYI LANE','Красноводський пров'),(543,'KRASYKOVA PETRA STREET','Красикова Петра вул'),(544,'KRASYLIVSKA STREET','Красилівська вул'),(545,'KRASYTSKOGO STREET','Красицького вул'),(546,'KRAVCHENKA MYKOLY STREET','Кравченка Миколи вул'),(547,'KRAVCHUKA MYKHAILA (BORTNYCHI) STREET','Кравчука Михайла (Бортничі) вул'),(548,'KRIPOSNYI LANE','Кріпосний пров'),(549,'KRONSHTADTSKA STREET','Кронштадтська вул'),(550,'KROPYVNYTSKOGO STREET','Кропивницького вул'),(551,'KRUGLA STREET','Кругла вул'),(552,'KRUGLOUNIVERSYTETSKA STREET','Круглоуніверситетська вул'),(553,'KRUPSKOI STREET','Крупської вул'),(554,'KRUSHELNYTSKOI SOLOMII STREET','Крушельницької Соломії вул'),(555,'KRUTOGIRNA STREET','Крутогірна вул'),(556,'KRUTOGIRNYI LANE','Крутогірний пров'),(557,'KRUTYI DESCENT','Крутий узвіз'),(558,'KRYCHEVSKOGO FEDORA STREET','Кричевського Федора вул'),(559,'KRYLOVSKYI LANE','Криловський пров'),(560,'KRYMSKA STREET','Кримська вул'),(561,'KRYNYCHNA STREET','Кринична вул'),(562,'KRYSHTALEVA (PETROPAVLIVSKA BORSHCHAGIVKA) STREET','Кришталева (Петропавлівська Борщагівка) вул'),(563,'KRYVONOSA MAKSYMA LANE','Кривоноса Максима пер'),(564,'KRYVONOSA MAKSYMA STREET','Кривоноса Максима вул'),(565,'KRYVONOSA SQUARE','Кривоноса пл'),(566,'KRYVORIZKA STREET','Криворізька вул'),(567,'KUBANSKA STREET','Кубанська вул'),(568,'KUCHERA VASYLIA STREET','Кучера Василя вул'),(569,'KUDRIASHOVA LANE','Кудряшова пров'),(570,'KUDRIASHOVA STREET','Кудряшова вул'),(571,'KUDRIAVSKA STREET','Кудрявська вул'),(572,'KUDRIAVSKYI DESCENT','Кудрявський узвіз'),(573,'KUDRI IVANA STREET','Кудрі Івана вул'),(574,'KUNANBAIEVA ABAIA STREET','Кунанбаєва Абая вул'),(575,'KUPALA YANKY STREET','Купала Янки вул'),(576,'KUP\'IANSKA STREET','Куп\'янська вул'),(577,'KURBASA LESIA (50-RICHCHIA ZHOVTNIA) AVENUE','Курбаса Леся (50-річчя Жовтня) просп'),(578,'KURCHATOVA AKADEMIKA STREET','Курчатова Академіка вул'),(579,'KURENIVSKA STREET','Куренівська вул'),(580,'KURENIVSKYI LANE','Куренівський пров'),(581,'KURGANIVSKA STREET','Курганівська вул'),(582,'KURGANIVSKYI LANE','Курганівський пров'),(583,'KURNATOVSKOGO STREET','Курнатовського вул'),(584,'KURSKA STREET','Курська вул'),(585,'KUSTANAISKA STREET','Кустанайська вул'),(586,'KUSTANAISKYI LANE','Кустанайський вул'),(587,'KUTUZOVA LANE','Кутузова пров'),(588,'KUTUZOVA STREET','Кутузова вул'),(589,'KUTUZOVA (S.TROIESHCHYNA) STREET','Кутузова (с.Троєщина) вул'),(590,'KUZMINSKYI LANE','Кузмінський пров'),(591,'KUZNETSOVA MYKOLY STREET','Кузнецова Миколи вул'),(592,'KVITKY-OSNOV\'IANENKA LANE','Квітки-Основ\'яненка пров'),(593,'KVITKY-OSNOV\'IANENKA STREET','Квітки-Основ\'яненка вул'),(594,'KVITNEVA (SOFIIVSKA BORSHCHAGIVKA) STREET','Квітнева (Софіївська Борщагівка) вул'),(595,'KVITNEVYI LANE','Квітневий пров'),(596,'KVITUCHYI LANE','Квітучий пров'),(597,'KYBALCHYCHA MYKOLY STREET','Кибальчича Миколи вул'),(598,'KYIANIVSKYI LANE','Киянівський пров'),(599,'KYIVSKA (SOFIIVSKA BORSHCHAGIVKA) STREET','Київська (Софіївська Борщагівка) вул'),(600,'KYIVSKA STREET','Київська вул'),(601,'KYIVSKYI (SOFIIVSKA BORSHCHAGIVKA) LANE','Київський (Софіївська Борщагівка) пер'),(602,'KYRYLO-MEFODIIVSKA STREET','Кирило-Мефодіївська вул'),(603,'KYSHYNIVSKA STREET','Кишинівська вул'),(604,'KYTAIVSKA STREET','Китаївська вул'),(605,'LABORATORNA STREET','Лабораторна вул'),(606,'LABORATORNYI LANE','Лабораторний пров'),(607,'LASTOVSKOGO STREET','Ластовського вул'),(608,'LAVRSKA STREET','Лаврська вул'),(609,'LAVRSKYI LANE','Лаврський пров'),(610,'LAVRUKHINA MYKOLY STREET','Лаврухіна Миколи вул'),(611,'LAZO SERGIIA STREET','Лазо Сергія вул'),(612,'LAZO SERGIIA (S.TROIESHCHYNA) STREET','Лазо Сергія (с.Троєщина) вул'),(613,'LEBEDIEVA-KUMACHA STREET','Лебедєва-Кумача вул'),(614,'LEBEDIEVA MYKOLY STREET','Лебедєва Миколи вул'),(615,'LEBEDYNSKA STREET','Лебединська вул'),(616,'LEIPTSYZKA STREET','Лейпцизька вул'),(617,'LENINA (BORTNYCHI) STREET','Леніна (Бортничі) вул'),(618,'LENINA (PETROPAVLIVSKA BORSHCHAGIVKA) STREET','Леніна (Петропавлівська Борщагівка) вул'),(619,'LENINA (SOFIIVSKA BORSHCHAGIVKA) STREET','Леніна (Софіївська Борщагівка) вул'),(620,'LENINA (S.TROIESHCHYNA) STREET','Леніна (с.Троєщина) вул'),(621,'LENINA (ZHULIANY) STREET','Леніна (Жуляни) вул'),(622,'LENINGRADSKA SQUARE','Ленінградська пл'),(623,'LEONTOVYCHA STREET','Леонтовича вул'),(624,'LERMONTOVA (S.TROIESHCHYNA) STREET','Лермонтова (с. Троєщина) вул'),(625,'LERMONTOVSKA STREET','Лермонтовська вул'),(626,'LEVANEVSKOGO STREET','Леваневського вул'),(627,'LEVITANA LANE','Левітана пров'),(628,'LEVITANA STREET','Левітана вул'),(629,'LIATOSHYNSKOGO STREET','Лятошинського вул'),(630,'LIESKOVA STREET','Лєскова вул'),(631,'LIKARNIANA STREET','Лікарняна вул'),(632,'LIKARNIANYI LANE','Лікарняний пров'),(633,'LINIINA STREET','Лінійна вул'),(634,'LISKIVSKA STREET','Лісківська вул'),(635,'LISOVA (BORTNYCHI) STREET','Лісова (Бортничі) вул'),(636,'LISOVYI AVENUE','Лісовий просп'),(637,'LISOZAKHYSNA STREET','Лісозахисна вул'),(638,'LITNIA STREET','Літня вул'),(639,'LITYNSKA STREET','Літинська вул'),(640,'LIUBARSKA STREET','Любарська вул'),(641,'LIUBARSKYI LANE','Любарський пров'),(642,'LIUBCHENKA PANASA STREET','Любченка Панаса вул'),(643,'LIUBOTYNSKA STREET','Люботинська вул'),(644,'LIUBOTYNSKYI LANE','Люботинська вул'),(645,'LIUTERANSKA STREET','Лютеранська вул'),(646,'LIUTNEVYI LANE','Лютневий пров'),(647,'LOBACHEVSKOGO LANE','Лобачевського пров'),(648,'LOBACHEVSKOGO STREET','Лобачевського вул'),(649,'LODYGINA LANE','Лодигіна пров'),(650,'LODYGINA STREET','Лодигіна вул'),(651,'LOKHVYTSKA STREET','Лохвицька вул'),(652,'LOKOMOTYVNA STREET','Локомотивна вул'),(653,'LOMONOSOVA STREET','Ломоносова вул'),(654,'LUBENSKA STREET','Любенська вул'),(655,'LUGANSKA STREET','Луганська вул'),(656,'LUGOVA STREET','Лугова вул'),(657,'LUGOVA (ZHULIANY) STREET','Лугова (Жуляни) вул'),(658,'LUKASHEVYCHA MYKOLY STREET','Лукашевича Миколи вул'),(659,'LUK\'IANIVSKA STREET','Лук\'янівська вул'),(660,'LUMUMBY PATRISA STREET','Лумумби Патріса  вул'),(661,'LUNACHARSKOGO ANATOLIIA STREET','Луначарського Анатолія вул'),(662,'LUNACHARSKOGO LANE','Луначарського пров'),(663,'LUTSENKO DMYTRA (KREISERA AVRORA) STREET','Луценко Дмитра (Крейсера Аврора) вул'),(664,'LVIVSKA SQUARE','Львівська пл'),(665,'LVIVSKA STREET','Львівська вул'),(666,'LYBIDSKA STREET','Либідська вул'),(667,'LYPKIVSKOGO VASYLIA (URYTSKOGO) STREET','Ліпківського Василя (Урицького) вул.'),(668,'LYPSKA STREET','Липська вул'),(669,'LYPSKYI LANE','Липський пров'),(670,'LYSENKA STREET','Лисенка вул'),(671,'LYSIANSKA STREET','Лисянська вул'),(672,'LYSOGIRSKA STREET','Лисогірська вул'),(673,'LYSTOPADNA STREET','Листопадна вул'),(674,'LYSYCHANSKA STREET','Лисичанська вул'),(675,'LYSYCHANSKYI LANE','Лисичанський пров'),(676,'LYTOVSKYI LANE','Литовський пров'),(677,'LYTVYNENKO-VOLGEMUT STREET','Литвиненко-Вольгемут вул'),(678,'LYVARSKA STREET','Ливарська вул'),(679,'MAGNITOGORSKA STREET','Магнітогорська вул'),(680,'MAGNITOGORSKYI STREET','Магнітогорський вул'),(681,'MAIAKOVSKOGO (S.TROIESHCHYNA) STREET','Маяковського (с. Троєщина) вул'),(682,'MAIAKOVSKOGO VOLODYMYRA AVENUE','Маяковського Володимира просп'),(683,'MAIBORODY PLATONA STREET','Майбороди Платона вул'),(684,'MAIDAN NEZALEZHNOSTI SQUARE','Майдан Незалежності пл'),(685,'MAIKOPSKA STREET','Майкопська вул'),(686,'MAIKOPSKYI LANE','Майкопський пров'),(687,'MAIOROVA MYKHAILA STREET','Майорова Михайла вул'),(688,'MAKARENKA STREET','Макаренка вул'),(689,'MAKARENKA (S.TROIESHCHYNA) STREET','Макаренка (с.Троєщина) вул'),(690,'MAKARIVSKA STREET','Макарівська вул'),(691,'MAKIIVSKA STREET','Макіївська вул'),(692,'MAKIIVSKYI LANE','Макіївський пров'),(693,'MALA KILTSEVA (SOFIIVSKA BORSHCHAGIVKA) STREET','Мала Кільцева (Софіївська Борщагівка) вул'),(694,'MALA ZHYTOMYRSKA STREET','Мала Житомирська вул'),(695,'MALOKYTAIVSKA STREET','Малокитаївська вул'),(696,'MALOKYTAIVSKYI LANE','Малокитаївський пров'),(697,'MALOMARGANETSKYI LANE','Маломарганецький пров'),(698,'MALOPIDVALNA STREET','Малопідвальна вул'),(699,'MALYNOVSKOGO MARSHALA STREET','Малиновського Маршала вул'),(700,'MALYSHKA ANDRIIA STREET','Малишка Андрія вул'),(701,'MAMINA-SYBIRIAKA STREET','Маміна-Сибіряка вул'),(702,'MARGANETSKA STREET','Марганецька вул'),(703,'MARGANETSKYI LANE','Марганецький пров'),(704,'MAR\'IANENKA IVANA STREET','Мар\'яненка Івана вул'),(705,'MARKA VOVCHKA STREET','Марка Вовчка вул'),(706,'MARKSA KARLA (S.TROIESHCHYNA) STREET','Маркса Карла (с. Троєщина) вул'),(707,'MARKSA KARLA (ZHULIANY) STREET','Маркса Карла (Жуляни) вул'),(708,'MARSHALSKA STREET','Маршальська вул'),(709,'MARTYROSIANA STREET','Мартиросяна вул'),(710,'MASHYNISTIVSKA STREET','Машиністівська вул'),(711,'MASHYNOBUDIVNA STREET','Машинобудівна вул'),(712,'MASHYNOBUDIVNYI LANE','Машинобудівний пров'),(713,'MATEIUKA MYKOLY STREET','Матеюка вул'),(714,'MATROSOVA OLEKSANDRA STREET','Матросова Олександра вул'),(715,'MATROSOVA OLEKSANDRA (S.TROIESHCHYNA) STREET','Матросова Олександра (с.Троєщина) вул'),(716,'MAZEPY IVANA STREET','Мазепи Івана вул'),(717,'MECHNYKOVA STREET','Мечникова вул'),(718,'MEDOVA STREET','Медова вул'),(719,'MEDVYNSKA STREET','Медвинська вул'),(720,'MEDYCHNA STREET','Медична вул'),(721,'MEFODIIVSKYI LANE','Мефодіївський пров'),(722,'MEITUSA KOMPOZYTORA STREET','Мейтуса Композитора вул'),(723,'MEKHANIZATORIV STREET','Механізаторів вул'),(724,'MELIORATYVNA STREET','Меліоративна вул'),(725,'MELNYCHENKA STREET','Мельниченка вул'),(726,'MELNYKOVA STREET','Мельникова вул'),(727,'MENDELIEIEVA STREET','Менделєєва вул'),(728,'METALISTIV LANE','Металістів пров'),(729,'METALISTIV STREET','Металістів вул'),(730,'MEZHOVA STREET','Межова вул'),(731,'MEZHOVYI LANE','Межовий пер'),(732,'MEZHYGIRSKA STREET','Межигірська вул'),(733,'MICHURINA LANE','Мичуріна пров'),(734,'MICHURINA STREET','Мічуріна вул'),(735,'MICHURINA (S.TROIESHCHYNA) STREET','Мічуріна (с.Троєщина) вул'),(736,'MICHURINA (ZHULIANY) STREET','Мічуріна (Жуляни) вул'),(737,'MILIUTENKA STREET','Милютенко вул'),(738,'MININA STREET','Мініна вул'),(739,'MINSKA STREET','Мінська вул'),(740,'MINSKYI AVENUE','Мінський просп'),(741,'MINSKYI LANE','Мінський пров'),(742,'MISTA SHALETT STREET','Міста Шалетт вул'),(743,'MITSKEVYCHA ADAMA STREET','Міцкевича Адама вул'),(744,'MIZHNARODNA STREET','Міжнародна вул'),(745,'MLIIVSKA STREET','Мліївська вул'),(746,'MOLDAVSKA STREET','Молдавська вул'),(747,'MOLOCHANSKA STREET','Молочанська вул'),(748,'MOLOCHANSKYI LANE','Молочанський пров'),(749,'MOLODIZHNA STREET','Молодіжна вул'),(750,'MOLODOGVARDIISKA STREET','Молодогвардійська вул'),(751,'MONTAZHNYKIV STREET','Монтажників вул'),(752,'MORYNETSKA STREET','Моринецька вул'),(753,'MORYNETSKYI LANE','Моринецький пер'),(754,'MOSKOVSKA SQUARE','Московська пл'),(755,'MOSKOVSKA STREET','Московська вул'),(756,'MOSKOVSKA (ZHULIANY) STREET','Московська (Жуляни) вул'),(757,'MOSKOVSKYI AVENUE','Московський просп'),(758,'MOSKOVSKYI LANE','Московський пров'),(759,'MOSKOVSKYY AVE','Московський прос'),(760,'MOSKVINA LANE','Москвіна пров'),(761,'MOSKVINA STREET','Москвіна вул'),(762,'MOSKVORITSKA STREET','Москворіцька вул'),(763,'MOSTOVA (SOVKY) STREET','Мостова (Совки) вул'),(764,'MOSTOVYI LANE','Мостовий пров'),(765,'MOSTYTSKA STREET','Мостицька вул'),(766,'MOTORNA STREET','Моторна вул'),(767,'MOTORNYI LANE','Моторний вул'),(768,'MOZHAISKA STREET','Можайська вул'),(769,'MUKACHIVSKA STREET','Мукачівська вул'),(770,'MURASHKA MYKOLY STREET','Мурашка Миколи вул'),(771,'MURMANSKA STREET','Мурманська вул'),(772,'MUZEINYI LANE','Музейний пров'),(773,'MYKESHYNA STREET','Микешина вул'),(774,'MYKHAILIVSKA SQUARE','Михайлівська пл'),(775,'MYKHAILIVSKA STREET','Михайлівська вул'),(776,'MYKHAILIVSKYI LANE','Михайлівський пров'),(777,'MYKILSKO-BORSHCHAGIVSKA (SOFIIVSKA BORSHCHAGIVKA) ','Микільсько-Борщагівська (Софіївська Борщагівка) вул'),(778,'MYKILSKO-BOTANICHNA STREET','Микільсько-Ботанічна вул'),(779,'MYKILSKO-SLOBIDSKA STREET','Микільсько-Слобідська вул'),(780,'MYKYTENKA IVANA STREET','Микитенка Івана вул'),(781,'MYLCHAKOVA OLEKSANDRA STREET','Мильчакова Олександра вул'),(782,'MYLOSLAVSKA STREET','Милославська вул'),(783,'MYRNA STREET','Мирна вул'),(784,'MYRNOGO PANASA LANE','Мирного Панаса пров'),(785,'MYRNOGO PANASA STREET','Мирного Панаса вул'),(786,'MYRONIVSKA STREET','Миронівська вул'),(787,'MYROPILSKA STREET','Миропільська вул'),(788,'MYRU AVENUE','Миру просп'),(789,'MYRU (BORSHCHAGIVKA) LANE','Миру (Борщагівка) пров'),(790,'MYRU (BORSHCHAGIVKA) STREET','Миру (Борщагівка) вул'),(791,'MYRU (SOFIIVSKA BORSHCHAGIVKA) STREET','Миру (Борщагівка) вул'),(792,'MYRU (S.TROIESHCHYNA) STREET','Миру (с.Троєщина) вул'),(793,'MYSHUGY OLEKSANDRA STREET','Мишуги Олександра вул'),(794,'MYSHYNA MYKHAILA STREET','Мишина Михайла вул'),(795,'MYSTETSKA STREET','Мистецька вул'),(796,'NABEREZHNA STREET','Набережна вул'),(797,'NABEREZHNE HIGHWAY','Набережне шоссу'),(798,'NABEREZHNO-KHRESHCHATYTSKA STREET','Набережно-Хрещатицька вул'),(799,'NABEREZHNO-LUGOVA STREET','Набережно-Лугова вул'),(800,'NABEREZHNO-PECHERSKA ROAD','Набережно-Печерська дорога'),(801,'NABEREZHNO-ZHYLIANSKA STREET','Набережно-Жилянська вул'),(802,'NADDNIPRIANSKE HIGHWAY','Наддніпровське шоссу'),(803,'NAD\'IARNA STREET','Над\'ярна вул'),(804,'NAGIRNA STREET','Нагірна вул'),(805,'NAGIRNYI LANE','Нагірний пров'),(806,'NAKHIMOVA STREET','Нахімова вул'),(807,'NARBUTA GEORGIIA STREET','Нарбута Георгія вул'),(808,'NARODNA STREET','Народна вул'),(809,'NARODNOGO OPOLCHENYIA STREET','Народного Ополчения вул'),(810,'NARODNYI LANE','Новонародний пров'),(811,'NAUKY AVENUE','Науки проспект'),(812,'NAVASHYNA AKADEMIKA STREET','Навашина Академіка вул'),(813,'NAVOI ALISHERA AVENUE','Навої Алішера вул'),(814,'NECHUI-LEVYTSKOGO LANE','Нечуй-Левицького вул'),(815,'NECHUI-LEVYTSKOGO STREET','Нечуй-Левицького вул'),(816,'NEKHODY IVANA STREET','Неходи Івана вул'),(817,'NEKRASOVA (S.TROIESHCHYNA) STREET','Некрасова (с.Троєщина) вул'),(818,'NEKRASOVSKA STREET','Некрасовська вул'),(819,'NEMYROVYCHA-DANCHENKA STREET','Немировича-Данченка вул'),(820,'NESTERIVSKYI LANE','Нестерівський пров'),(821,'NESTEROVA PETRA STREET','Нестерова Петра вул'),(822,'NIKOLAIEVA ARKHITEKTORA STREET','Ніколаєва Архітектора вул'),(823,'NIKOPOLSKA STREET','Нікопольська вул'),(824,'NIMANSKA STREET','Німанська вул'),(825,'NISHCHYNSKOGO PETRA STREET','Ніщинського Петра вул'),(826,'NIZHYNSKA STREET','Ніжинська вул'),(827,'NOVA STREET','Нова вул'),(828,'NOVATORIV LANE','Новаторів пров'),(829,'NOVATORIV STREET','Новаторів вул'),(830,'NOVGORODSKA STREET','Новгородська вул'),(831,'NOVODACHNYI LANE','Новодачний пров'),(832,'NOVODARNYTSKA STREET','Новодарницька вул'),(833,'NOVOKORCHUVATSKA STREET','Новокорчуватська вул'),(834,'NOVOKOSTIANTYNIVSKA STREET','Новокостянтинівська вул'),(835,'NOVOMAKARIVSKA STREET','Новомакарівська вул'),(836,'NOVOMICHURINSKA STREET','Новомічурінська вул'),(837,'NOVOMOSTYTSKA STREET','Новомостицька вул'),(838,'NOVONARODNYI LANE','Новонародний пров'),(839,'NOVONAVODNYTSKYI LANE','Новонаводницький пров'),(840,'NOVOPECHERSKYI LANE','Новопечерський пров'),(841,'NOVOROSIISKA STREET','Новоросійська вул'),(842,'NOVOSELYTSKA STREET','Новоселитська вул'),(843,'NOVOSELYTSKYI LANE','Новоселицький пров'),(844,'NOVOUKRAINSKA STREET','Новоукраїнська вул'),(845,'NOVOVOKZALNA STREET','Нововокзальна вул'),(846,'NOVOZABARSKA STREET','Новозабарська вул'),(847,'NYZHNII VAL (BORTNYCHI) STREET','Нижній Вал (Бортничи) вул'),(848,'NYZHNII VAL STREET','Нижній Вал вул'),(849,'NYZHNOIURKIVSKA STREET','Нижньоюрківська вул'),(850,'NYZHNOKLIUCHOVA STREET','Нижньоключова вул'),(851,'OBOLONSKA EMBANKMENT','Оболонська наб'),(852,'OBOLONSKA STREET','Оболонська вул'),(853,'OBOLONSKYI AVENUE','Оболонський просп'),(854,'OBORONNA STREET','Оборонна вул'),(855,'OBORONNYI LANE','Оборонний вул'),(856,'OBSERVATORNA STREET','Обсерваторна вул'),(857,'OBSERVATORNYI LANE','Обсерваторний пров'),(858,'OCHAKIVSKA STREET','Очаківська вул'),(859,'OCHAKIVSKYI LANE','Очаківський пров'),(860,'ODESKA SQUARE','Одеська пл'),(861,'ODOIEVSKOGO LANE','Одоєвського пров'),(862,'ODOIEVSKOGO STREET','Одоєвського вул'),(863,'OKHTYRSKYI LANE','Охтирський пров'),(864,'OKIPNOI RAISY STREET','Окіпної Раїси вул'),(865,'OLEGIVSKA STREET','Олегівська вул'),(866,'OLEKSIIVSKA STREET','Олексіївська вул'),(867,'OLENIVSKA STREET','Оленівська вул'),(868,'OLGYNSKA STREET','Ольгинська вул'),(869,'OLIINYKA STEPANA STREET','Олійника Степана вул'),(870,'OLZHYCHA STREET','Ольжича вул'),(871,'ORANZHEREINA STREET','Оранжерейна вул'),(872,'ORGANIZATORSKA STREET','Організаторська вул'),(873,'ORLOVSKA STREET','Орловська вул'),(874,'ORLOVSKYI LANE','Орловський пров'),(875,'ORLYKA PYLYPA STREET','Орлика Пилипа вул'),(876,'ORSKA STREET','Орська вул'),(877,'OSKOLSKA STREET','Оскольська вул'),(878,'OSKOLSKYI LANE','Оскольський пров'),(879,'OSTERSKA STREET','Остерська вул'),(880,'OSTERSKYI LANE','Остерський вул'),(881,'OSTROVSKOGO MYKOLY LANE','Островського Миколи пров'),(882,'OSTROVSKOGO MYKOLY STREET','Островського Миколи вул'),(883,'OSVITY STREET','Освіти вул'),(884,'OSYPOVSKOGO STREET','Осиповського вул'),(885,'OVRUTSKA STREET','Овруцька вул'),(886,'OZERNA (BORTNYCHI) STREET','Озерна (Бортничі) вул'),(887,'OZERNA (OBOLON) STREET','Озерна (Оболонь) вул'),(888,'OZERNA (SOFIIEVSKA BORSHCHAGIVKA) STREET','Озерна (Софієвська Борщагівка) вул'),(889,'OZERNA (SOLOM\'IANSKYI) STREET','Озерна (Солом\'янський) вул'),(890,'OZERNYI (BORTNYCHI) LANE','Озерний (Бортничі) пров'),(891,'PANCHA PETRA STREET','Панча Петра вул'),(892,'PANELNA STREET','Панельна вул'),(893,'PANFILOVTSIV LANE','Панфіловців пров'),(894,'PANFILOVTSIV STREET','Панфіловців вул'),(895,'PANKIVSKA STREET','Паньківська вул'),(896,'PANORAMNA STREET','Панорамна вул'),(897,'PARKOVA ROAD','Паркова дор'),(898,'PARKOVA STREET','Паркова вул'),(899,'PARKOVYI LANE','Парковий пров'),(900,'PARNYKOVA (MYSHOLOVKA) STREET','Парникова (Мишоловка) вул'),(901,'PARNYKOVA (SOFIIVSKA BORSHCHAGIVKA) STREET','Парникова (Софіївська Борщагівка) вул'),(902,'PAROVOZNA STREET','Паровозна вул'),(903,'PAROVOZNYI LANE','Паровозний пров'),(904,'PATORZHYNSKOGO STREET','Паторжинського вул'),(905,'PAVLIVSKA STREET','Павлівська вул'),(906,'PAVLOGRADSKA STREET','Павлоградська вул'),(907,'PCHILKY OLENY STREET','Пчілки Олени вул'),(908,'PECHENIZKA STREET','Печенізька вул'),(909,'PECHERSKA SQUARE','Печерська пл'),(910,'PECHERSKYI DESCENT','Печерський узвіз'),(911,'PEREIASLAVSKA (BORTNYCHI) STREET','Переяславська (Бортничі) вул'),(912,'PEREIASLAVSKA STREET','Переяславська вул'),(913,'PEREMOGY AVENUE','Перемоги просп'),(914,'PEREMOGY SQUARE','Перемоги пл'),(915,'PEREMOGY STREET','Перемоги вул'),(916,'PEROVA BOULEVARD','Перова бульв'),(917,'PEROVSKOI SOFII STREET','Перовської Софії вул'),(918,'PERSPEKTYVNA STREET','Перспективна вул'),(919,'PERVOMAISKOGO LEONIDA STREET','Первомайського Леоніда вул'),(920,'PESTELIA PAVLA STREET','Пестеля Павла вул'),(921,'PETLIURY SYMONA STREET','Петлюри Симона вул'),(922,'PETRIVSKA ALLEY','Петрівська алея'),(923,'PETRIVSKA STREET','Петрівська вул'),(924,'PETROPAVLIVSKA (FRUNZE) SQUARE','Петропавлівська (Фрунзе) пл'),(925,'PETROPAVLIVSKA (S.PETROPAVLIVSKA BORSHCHAGIVKA) ST','Петропавлівська (с.Петропавлівська Борщагівка) вул'),(926,'PETROPAVLIVSKA STREET','Петропавлівська вул'),(927,'PETROVSKOGO (SOLOM\'IANSKYI) STREET','Петровського (Солом\'янський)'),(928,'PETROVSKOGO (S.TROIESHCHYNA) STREET','Петровського (с.Троєщина) вул'),(929,'PETRUSENKO OKSANY STREET','Петрусенко Оксани вул'),(930,'PETRYTSKOGO ANATOLIIA STREET','Петрицького Анатоля вул'),(931,'P\'IATYGORSKA STREET','П\'ятигорська вул'),(932,'P\'IATYGORSKYI LANE','П\'ятигорський пров'),(933,'PIDGIRNA STREET','Підгірна вул'),(934,'PIDVYSOTSKOGO PROFESORA STREET','Підвисоцького Професора вул'),(935,'PIKHOTNA STREET','Піхотна вул'),(936,'PIKHOTNYI LANE','Піхотний вул'),(937,'PISHOKHIDNYI LANE','Пішохідний пров'),(938,'PITERSKA STREET','Пітерська вул'),(939,'PIVDENNA/YUZHNA (SOFIIVSKA BORSHCHAGIVKA) STREET','Південна/Южна (Софіївська Борщагівка) вул'),(940,'PIVDENNYI VOKZAL','Южный вокзал'),(941,'PIVNICHNA STREET','Північна вул'),(942,'PIVNICHNI PLATFORMY','Північні платформи'),(943,'PLATONIVSKA STREET','Платонівська вул'),(944,'PLATONIVSKYI LANE','Платонівський пров'),(945,'PLEKHANOVA STREET','Плеханова вул'),(946,'POCHAINYNSKA STREET','Почайнинська вул'),(947,'PODILSKYI LANE','Подільський пров'),(948,'PODVOISKOGO STREET','Подвойського вул'),(949,'POKHYLA STREET','Похила вул'),(950,'POKROVSKA STREET','Покровська вул'),(951,'POLIANSKA STREET','Полянська вул'),(952,'POLIARNA STREET','Полярна вул'),(953,'POLISKA STREET','Поліська вул'),(954,'POLISKYI LANE','Поліський пров'),(955,'POLITEKHNICHNA STREET','Політехнічна вул'),(956,'POLITEKHNICHNYI LANE','Політехнічний пров'),(957,'POLKOVA STREET','Полкова вул'),(958,'POLKOVYI LANE','Полковий пров'),(959,'POLOTSKYI LANE','Полоцький пров'),(960,'POLOVA STREET','Польова вул'),(961,'POLOVA (S.TROIESHCHYNA) STREET','Полевая (с.Троещина) вул'),(962,'POLOVETSKA STREET','Половецька вул'),(963,'POLOVYI LANE','Польовий пров'),(964,'POLTAVSKA STREET','Полтавська вул'),(965,'POLUPANOVA (MARCHENKA) STREET','Полупанова (Марченка) вул'),(966,'POLZUNOVA STREET','Ползунова вул'),(967,'POPOVA LANE','Попова пров'),(968,'POPOVA OLEKSANDRA STREET','Попова Олександра вул'),(969,'POPUDRENKA STREET','Попудренка вул'),(970,'PORYKA VASYLIA AVENUE','Порика Василя проспект'),(971,'POSHTOVA SQUARE','Поштова пл'),(972,'POTAPOVA GENERALA STREET','Потапова Генерала вул'),(973,'POTIE EZHENA STREET','Потьє Ежена вул'),(974,'POTIEKHINA POLKOVNYKA STREET','Потєхіна Полковника вул'),(975,'POVITROFLOTSKA STREET','Повітрофлотська вул'),(976,'POVITROFLOTSKYI AVENUE','Повітрофлотський просп'),(977,'POZHARSKOGO (DARNYTSIA) STREET','Пожарського (Дарниця) вул'),(978,'POZHARSKOGO (S.TROIESHCHYNA) STREET','Пожарського (с.Троєщина) вул'),(979,'PRATSI BOULEVARD','Праці бульв'),(980,'PRAVDY AVENUE','Правди просп'),(981,'PRAVOBEREZHNA STREET','Правобережна вул'),(982,'PRAZKA STREET','Празька вул'),(983,'PREDSLAVYNSKA STREET','Предславинська вул'),(984,'PROFINTERNU LANE','Профінтерну пров'),(985,'PROFINTERNU STREET','Профінтерну вул'),(986,'PROFSPILKOVA STREET','Профспілкова вул'),(987,'PROFSPILKOVYI LANE','Профспілковий пров'),(988,'PROLETARSKA STREET','Пролетарська вул'),(989,'PROLETARSKYI LANE','Пролетарський пров'),(990,'PRORIZNA STREET','Прорізна вул'),(991,'PROTASIV YAR STREET','Протасів Яр вул'),(992,'PROVIDNYTSKA STREET','Провідницька вул'),(993,'PRYBEREZHNA (RUSANIVSKI SADY) STREET','Прибережна (Русанівські сади) вул'),(994,'PRYCHALNA STREET','Причальна вул'),(995,'PRYKOLIINA STREET','Приколійна вул'),(996,'PRYMACHENKO BOULEVARD','Примаченко бульвар'),(997,'PRYMAKOVA STREET','Примакова вул'),(998,'PRYMISKYI VOKZAL','Приміський вокзал'),(999,'PRYOZERNA STREET','Приозерна вул'),(1000,'PRYP\'IATSKA STREET','Прип\'ятська вул'),(1001,'PRYRICHNA STREET','Прирічна вул.'),(1002,'PRYTYSKO-MYKILSKA STREET','Притисько-Микільська вул'),(1003,'PRYVITNA STREET','Привітна вул'),(1004,'PRYVOKZALNA SQUARE','Привокзальна пл'),(1005,'PRYVOKZALNA STREET','Привокзальна вул'),(1006,'PRZHEVALSKOGO STREET','Пржевальського вул'),(1007,'PSHENYCHNA STREET','Пшенична вул'),(1008,'PSKOVSKA STREET','Псковська вул'),(1009,'PSKOVSKYI LANE','Псковський пров'),(1010,'PUGACHOVA STREET','Пугачова вул'),(1011,'PUKHIVSKA STREET','Пухівська вул'),(1012,'PUKHOVA GENERALA STREET','Пухова Генерала вул'),(1013,'PULIUIA STREET','Пулюя вул'),(1014,'PUSHCHA-VODYTSKA STREET','Пуща-Водицька вул'),(1015,'PUSHCHA-VODYTSKYI LANE','Пуща-Водицький пров'),(1016,'PUSHKINA (SOFIIVSKA BORSHCHAGIVKA) STREET','Пушкіна (Софіївська Борщагівка) вул'),(1017,'PUSHKINA (S.TROIESHCHYNA) STREET','Пушкіна (с.Троєщина) вул'),(1018,'PUSHKINSKA STREET','Пушкінська вул'),(1019,'PUSHYNOI FEODORY STREET','Пушиної Феодори вул'),(1020,'PYLYPIVSKYI LANE','Пилипівський пров'),(1021,'PYMONENKA MYKOLY STREET','Пимоненка Миколи вул'),(1022,'PYRIATYNSKA STREET','Пирятинська вул'),(1023,'PYRIATYNSKYI LANE','Пирятинський пров'),(1024,'PYROGOVA STREET','Пирогова вул'),(1025,'PYROGOVSKOGO OLEKSANDRA STREET','Пироговського Олександра вул'),(1026,'PYSARZHEVSKOGO AKADEMIKA STREET','Писаржевського Академіка вул'),(1027,'RADCHENKA PETRA STREET','Радченка Петра вул'),(1028,'RADIALNA STREET','Радіальна вул'),(1029,'RADIANSKA STREET','Радянська вул'),(1030,'RADIANSKYI LANE','Радянський пров'),(1031,'RADISNA STREET','Радісна вул'),(1032,'RADOMYSHLSKA STREET','Радомишльська вул'),(1033,'RADUNSKA STREET','Радунська вул'),(1034,'RADUZHNAYA ST','Райдужна вул'),(1035,'RAIDUZHNA STREET','Райдужна вул'),(1036,'RAIEVSKOGO MYKOLY STREET','Раєвського Миколи вул'),(1037,'RAIGORODSKA STREET','Райгородська вул'),(1038,'RAIGORODSKYI LANE','Райгородський пров'),(1039,'RAKETNA STREET','Ракетна вул'),(1040,'RASKOVOI MARYNY STREET','Раскової Марини вул'),(1041,'REDUTNA STREET','Редутна вул'),(1042,'REDUTNYI LANE','Редутний пров'),(1043,'REGENERATORNA STREET','Регенераторна вул'),(1044,'REITARSKA STREET','Рейтарська вул'),(1045,'REMISNYCHYI LANE','Ремісничий пров'),(1046,'REMONTNA STREET','Ремонтна вул'),(1047,'REUTA MYKHAILA STREET','Реута Михайла вул'),(1048,'REVOLIUTSII STREET','Революції вул'),(1049,'REVUTSKOGO STREET','Ревуцького вул'),(1050,'REZERVNA STREET','Резервна вул'),(1051,'RIASNYI LANE','Рясний пров'),(1052,'RICHNA STREET','Річна вул'),(1053,'RIKHARDA ZORGE STREET','Ріхарда Зорге вул'),(1054,'RIZNYTSKA STREET','Різницька вул'),(1055,'ROBITNYCHA (ZHULIANY) STREET','Робітнича (Жуляни) вул'),(1056,'RODYMTSEVA GENERALA STREET','Родимцева Генерала вул'),(1057,'ROGNIDYNSKA STREET','Рогнідинська вул'),(1058,'ROGOZIVSKA STREET','Рогозівська вул'),(1059,'ROKOSSOVSKOGO MARSHALA AVENUE','Рокоссовського Маршала просп'),(1060,'ROLLANA ROMENA BOULEVARD','Роллана Ромена бул'),(1061,'ROMODANIVSKA STREET','Ромоданівська вул'),(1062,'ROSHCHYNSKYI LANE','Рощинський пров'),(1063,'ROSIISKA STREET','Російська вул'),(1064,'ROSOSHANSKA STREET','Росошанська вул'),(1065,'ROSTOVSKA STREET','Ростовська вул'),(1066,'ROZDILNA STREET','Роздільна вул'),(1067,'ROZHEVA STREET','Рожева вул'),(1068,'ROZHEVYI LANE','Рожевий пров'),(1069,'ROZVAZHEVSKYI LANE','Розважевський пров'),(1070,'RUDANSKOGO STEPANA STREET','Руданського Степана вул'),(1071,'RUDENKO LARYSY STREET','Руденко Лариси вул'),(1072,'RUDNIEVA LANE','Руднєва пров'),(1073,'RUDNIEVA STREET','Руднєва вул'),(1074,'RUSANIVSKA EMBANKMENT','Русаніська набережна'),(1075,'RUSANIVSKI SADY','Русанівські сади'),(1076,'RUSANIVSKYI BOULEVARD','Русанівський бульв'),(1077,'RUSTAVELI SHOTA STREET','Руставелі Шота вул'),(1078,'RYBAKA NATANA (S.TROIESHCHYNA) STREET','Рибака Натана (с.Троєщина) вул'),(1079,'RYBALKA MARSHALA STREET','Рибалка Маршала вул'),(1080,'RYBALSKA STREET','Рибальська вул'),(1081,'RYBNA STREET','Рибна вул'),(1082,'RYBNYI LANE','Рибний пров'),(1083,'RYKOVA KOMISARA STREET','Рикова Комісара вул'),(1084,'RYLIEIEVA LANE','Рилєєва пров'),(1085,'RYLIEIEVA STREET','Рилєєва вул'),(1086,'RYLSKOGO MAKSYMA STREET','Рильського Максима вул'),(1087,'RYLSKYI LANE','Рильський пров'),(1088,'RYMSKOGO-KORSAKOVA STREET','Римського-Корсакова вул'),(1089,'RYZKA STREET','Ризька вул'),(1090,'RZHEVSKYI LANE','Ржевський пров'),(1091,'RZHYSHCHIVSKA STREET','Ржищівська вул'),(1092,'SABUROVA OLEKSANDRA STREET','Сабурова Олександра вул'),(1093,'SADOVA (BORTNYCHI) STREET','Садова (Бортничі) вул'),(1094,'SADOVA BUSSTOP (SLAVUTICH)','Садова зупинка'),(1095,'SADOVA (MYSHOLOVKA) STREET','Садова (Мишоловка) вул'),(1096,'SADOVA (RUSANIVSKI SADY) STREET','Садова (Русанівські сади) вул'),(1097,'SADOVA (SOFIIVSKA BORSHCHAGIVSKA) STREET','Садова (Софіївська Борщагівська) вул'),(1098,'SADOVA STREET','Садова вул'),(1099,'SADOVA (S.TROIESHCHYNA) STREET','Садова (с.Троєщина) вул'),(1100,'SADOVA (ZHULIANY) STREET','Садова (Жуляни) вул'),(1101,'SADOVSKOGO MYKOLY LANE','Садовського Миколи пров'),(1102,'SADOVSKOGO MYKOLY STREET','Садовського Миколи вул'),(1103,'SADOVYI LANE','Садовий пров'),(1104,'SADOVYI (SOFIIVSKA BORSHCHAGIVSKA) LANE','Садовий (Софіївська Борщагівка) пер'),(1105,'SAGAIDACHNOGO PETRA STREET','Сагайдачного Петра вул'),(1106,'SAGAIDAKA STEPANA STREET','Сагайдака Степана вул'),(1107,'SAKSAGANSKOGO STREET','Саксаганського вул'),(1108,'SALTYKOVA-SHCHEDRINA STREET','Салтикова-Щедріна вул'),(1109,'SAMBIRSKYI LANE','Самбірський пров'),(1110,'SANATORNA STREET','Санаторна вул'),(1111,'SANITARNA STREET','Санітарна вул'),(1112,'SAPERNE POLE STREET','Саперне Поле вул'),(1113,'SAPERNO-SLOBIDSKA STREET','Саперно-Слободська вул'),(1114,'SAPERNO-SLOBIDSKYI DRIVE','Саперно-Слобідський проїзд'),(1115,'SAVRASOVA STREET','Саврасова вул'),(1116,'SAZHYNA STREET','Сажина вул'),(1117,'SEMAFORNA STREET','Семафорна вул'),(1118,'SEMENIVSKA STREET','Семенівська вул'),(1119,'SENOMANSKA STREET','Сеноманська вул'),(1120,'SENOMANSKYI LANE','Сеноманський пров'),(1121,'SERAFYMOVYCHA STREET','Серафимовича вул'),(1122,'SERGIIENKA IVANA STREET','Сергієнка Івана вул'),(1123,'SERPUKHOVSKYI LANE','Серпуховський пров'),(1124,'SEVASTOPOLSKA SQUARE','Севастопольська пл'),(1125,'SEVASTOPOLSKA STREET','Севастопольська вул'),(1126,'SHAKHTARSKA STREET','Шахтарська'),(1127,'SHAMRYLA TYMOFIIA STREET','Шамрила Тимофія вул'),(1128,'SHCHASLYVA (SOFIIVSKA BORSHCHAGIVKA) STREET','Щаслива (Софіївська Борщагівка) вул'),(1129,'SHCHEKAVYTSKA STREET','Щекавицька вул'),(1130,'SHCHEPKINA STREET','Щепкіна пров'),(1131,'SHCHOGLIVSKYI LANE','Щоглівський пров'),(1132,'SHCHORSA LANE','Щорса пер'),(1133,'SHCHORSA (SOFIIVSKA BORSHCHAGIVKA) STREET','Щорса (Софіївська Борщагівка) вул'),(1134,'SHCHORSA STREET','Щорса вул'),(1135,'SHCHORSA (S.TROIESHCHYNA) STREET','Щорса (с.Троєщина) вул'),(1136,'SHCHUSIEVA AKADEMIKA STREET','Щусєва Академіка вул'),(1137,'SHCHUSIEVA LANE','Щусєва пров'),(1138,'SHEVCHENKA (S.TROIESHCHYNA) STREET','Шевченка (с.Троєщина) вул'),(1139,'SHEVCHENKA TARASA BOULEVARD','Шевченка Тараса бульвар'),(1140,'SHEVCHENKA TARASA LANE','Тараса Шевченка пров'),(1141,'SHEVCHENKA TARASA SQUARE','Шевченка Тараса пл'),(1142,'SHEVCHENKA (ZHULIANY) LANE','Шевченка (Жуляни) пров'),(1143,'SHEVCHENKA (ZHULIANY) STREET','Шевченка (Жуляни) вул'),(1144,'SHEVTSOVA IVANA STREET','Шевцова Івана вул'),(1145,'SHKILNA STREET','Шкільна вул'),(1146,'SHKILNA (ZHULIANY) STREET','Шкільна (Жуляни) вул'),(1147,'SHLIAKHOVYKIV LANE','Шляховиків пров'),(1148,'SHLIAKHOVYKIV STREET','Шляховиків вул'),(1149,'SHLIKHTERA AKADEMIKA (VIFLEIEMSKA) STREET','Шліхтера Академіка (Віфлеємська) вул'),(1150,'SHMIDTA OTTO STREET','Шмідта Отто вул'),(1151,'SHOLOM-ALEIKHEMA STREET','Шолом-Алейхема вул'),(1152,'SHOLUDENKA STREET','Шолуденка вул'),(1153,'SHOVKOVYCHNA STREET','Шовковична вул'),(1154,'SHOVKUNENKA STREET','Шовкуненка вул'),(1155,'SHPAKA MYKOLY STREET','Шпака Миколи вул'),(1156,'SHPOLIANSKA STREET','Шполянська вул'),(1157,'SHPYLOVA STREET','Шпильова вул'),(1158,'SHULIAVSKA STREET','Шулявська вул'),(1159,'SHUMSKOGO YURIIA STREET','Шумського Юрія вул'),(1160,'SHYMANOVSKOGO VITALIIA STREET','Шимановського Віталія вул'),(1161,'SHYROKA STREET','Широка вул'),(1162,'SHYSHKINSKYI LANE','Шишкінський пров'),(1163,'SICHNEVYI LANE','Січневий пров'),(1164,'SIECHENOVA STREET','Сєченова вул'),(1165,'SIEDOVA (S.TROIESHCHYNA) STREET','Сєдова (с.Троєщина) вул'),(1166,'SIEDOVTSIV STREET','Сєдовців вул'),(1167,'SIEROVA VALENTYNA STREET','Сєрова Валентина вул'),(1168,'SIKORSKOGO (TANKOVA) STREET','Сікорського (Танкова) вул'),(1169,'SILSKOGOSPODARSKYI LANE','Сільськогосподарський пров'),(1170,'SIMFEROPOLSKA STREET','Сімферопольська вул'),(1171,'SIRKA IVANA STREET','Сірка Івана вул'),(1172,'SKLIARENKA SEMENA STREET','Скляренка Семена вул'),(1173,'SKOROPADSKOGO STREET','Скоропадського вул'),(1174,'SKOVORODY GRYGORIIA STREET','Сковороди Григорія вул'),(1175,'SKRYPNYKA MYKOLY STREET','Скрипника Миколи вул'),(1176,'SKVYRSKA STREET','Сквирська вул'),(1177,'SKVYRSKYI LANE','Сквирський пров'),(1178,'SLAVGORODSKA STREET','Славгородська вул'),(1179,'SLAVGORODSKYI LANE','Славгородський пров'),(1180,'SLAVY SQUARE','Слави пл'),(1181,'SLIUSARNYI LANE','Слюсарний пров'),(1182,'SLOVECHANSKA STREET','Словечанська вул'),(1183,'SLOV\'IANSKA STREET','Слов\'янська вул'),(1184,'SMILIANSKA STREET','Смілянська вул'),(1185,'SMOLENSKA STREET','Смоленська вул'),(1186,'SMOLNA STREET','Смольна вул'),(1187,'SMOLYCHA YURIIA STREET','Смолича Юрія вул'),(1188,'SMYRNOVA-LASTOCHKINA (VOZNESENSKYI) DESCENT','Смирнова-Ласточкіна (Вознесенський) узвіз'),(1189,'SNAIPERSKA STREET','Снайперська вул'),(1190,'SNIZHNIANSKYI LANE','Сніжнянський пров'),(1191,'SNOVSKA STREET','Сновська вул'),(1192,'SNOVSKYI LANE','Сновський пров'),(1193,'SOFIIVSKA STREET','Софіївська вул'),(1194,'SOKALSKA STREET','Сокальська вул'),(1195,'SOLIANA STREET','Соляна вул'),(1196,'SOLOM\'IANSKA SQUARE','Солом\'янська пл'),(1197,'SOLOM\'IANSKA STREET','Солом\'янська вул'),(1198,'SOLOVTSOVA MYKOLY STREET','Соловцова Миколи вул'),(1199,'SORMOVSKA STREET','Сормовська вул'),(1200,'SOROCHYNSKA STREET','Сорочинська вул'),(1201,'SORTUVALNA STREET','Сортувальна вул'),(1202,'SOSHENKA STREET','Сошенка вул'),(1203,'SOSIURY VOLODYMYRA STREET','Сосюри Володимира вул'),(1204,'SOSNINYKH SIM\'I STREET','Сосніних Сім\'ї вул'),(1205,'SOSNYTSKA STREET','Сосницька вул'),(1206,'SOTSIALISTYCHNA STREET','Соціалістична вул'),(1207,'SOVSKA STREET','Совська вул'),(1208,'SPASKA STREET','Спаська вул'),(1209,'SPORTYVNA SQUARE','Спортивна пл'),(1210,'SRIBNOKILSKA STREET','Срібнокільська вул'),(1211,'STADIONNA STREET','Стадіонна вул'),(1212,'STADIONNA (ZHULIANY) STREET','Стадіонна (Жуляни) вул'),(1213,'STADIONNYI LANE','Стадіонний пров'),(1214,'STALSKOGO SULEIMANA STREET','Стальського Сулеймана вул'),(1215,'STANISLAVSKOGO STREET','Станіславського вул'),(1216,'STANIUKOVYCHA STREET','Станюковича вул'),(1217,'STARA POLIANA STREET','Стара Поляна вул'),(1218,'STAROBORYSPILSKA STREET','Старобориспільска вул'),(1219,'STAROKYIVSKA STREET','Старокиївська вул'),(1220,'STAROKYIVSKYI LANE','Старокиївський пров'),(1221,'STARONAVODNYTSKA STREET','Старонаводницька вул'),(1222,'STAROSILSKA STREET','Старосільська вул'),(1223,'STAROVOKZALNA STREET','Старовокзальна вул'),(1224,'STARYTSKOGO LANE','Старицького вул'),(1225,'STARYTSKOGO STREET','Старицького вул'),(1226,'STELMAKHA MYKHAILA STREET','Стельмаха Михайла вул'),(1227,'STOLIETOVA LANE','Столєтова пров'),(1228,'STOLIETOVA STREET','Столєтова вул'),(1229,'STRATEGICHNE HIGHWAY','Стратегічне шосе'),(1230,'STRATEGICHNYI LANE','Стратегічний пров'),(1231,'STRATONAVTIV STREET','Стратонавтів вул'),(1232,'STRILETSKA STREET','Стрілецька вул'),(1233,'STRILKOVA STREET','Стрілкова вул'),(1234,'STRITENSKA STREET','Стрітенська вул'),(1235,'STROKACHA TYMOFIIA STREET','Строкача Тимофія вул'),(1236,'STRUTYNSKOGO SERGIIA STREET','Струтинскього Сергія вул'),(1237,'STUDENTSKA STREET','Студентська вул'),(1238,'SUKHUMSKA STREET','Сухумська вул'),(1239,'SUMSKA STREET','Сумська вул'),(1240,'SURYKOVA STREET','Сурикова вул'),(1241,'SUVOROVA (BORTNYCHI) STREET','Суворова (Бортничі) вул'),(1242,'SUVOROVA STREET','Суворова вул'),(1243,'SUVOROVA (S.TROIESHCHYNA) STREET','Суворова (с. Троєщіна) вул'),(1244,'SVIATOSHYNSKA SQUARE','Святошинська пл'),(1245,'SVIATOSHYNSKA STREET','Святошинська вул'),(1246,'SVIATOSHYNSKYI LANE','Святошинський пров'),(1247,'SVIATOSLAVSKA STREET','Святославська вул'),(1248,'SVITLA (BORTNYCHI) STREET','Світла (Бортничі) вул'),(1249,'SVITLYTSKOGO STREET','Світлицького вул'),(1250,'SVOBODY AVENUE','Свободи просп'),(1251,'SYGNALNA STREET','Сигнальна вул'),(1252,'SYLIKATNA STREET','Силикатна вул'),(1253,'SYMONENKA STREET','Симоненка вул'),(1254,'SYMYRENKA STREET','Симиренка вул'),(1255,'SYRETSKA STREET','Сирецька вул'),(1256,'SYVASKA STREET','Сиваська вул'),(1257,'TAGANROZKYI LANE','Таганрозький пров'),(1258,'TAGILSKA STREET','Тагільська вул'),(1259,'TAGILSKYI LANE','Тагільський пров'),(1260,'TALNIVSKA STREET','Тальнівська вул'),(1261,'TAMPERE STREET','Тампере вул'),(1262,'TARASIVSKA STREET','Тарасівська вул'),(1263,'TARASOVOI ALLY STREET','Тарасової Алли вул'),(1264,'TASHKENTSKA STREET','Ташкентська вул'),(1265,'TATARSKA STREET','Татарська вул'),(1266,'TATARSKYI LANE','Татарський пров'),(1267,'TAVRIISKA STREET','Таврійська вул'),(1268,'TAVRIISKYI LANE','Таврійський пров'),(1269,'TBILISKYI LANE','Тбіліський пров'),(1270,'TELEGRAFNYI LANE','Телеграфний пров'),(1271,'TELIGY OLENY STREET','Теліги Олени вул'),(1272,'TELMANA STREET','Тельмана вул'),(1273,'TEPLOVOZNA STREET','Тепловозна вул'),(1274,'TEPLYCHNA (PARNYKOVA) STREET','Теплична (Парникова) вул'),(1275,'TEREMKIVSKA STREET','Теремківська вул'),(1276,'TEREMKIVSKYI LANE','Теремківський пров'),(1277,'TERESHCHENKA MYKOLY STREET','Терещенка Миколи вул'),(1278,'TERESHCHENKIVSKA STREET','Терещенківська вул'),(1279,'TERESHKOVOI (BORTNYCHI) LANE','Терешкової (Бортничі) пров'),(1280,'TEROKHINA OLEKSIIA STREET','Терьохіна Олексія вул'),(1281,'TESLIARSKA STREET','Теслярська вул'),(1282,'TOBOLSKYI LANE','Тобольський пров'),(1283,'TOLSTOGO LVA STREET','Толстого Льва вул'),(1284,'TOLSTOGO (SOFIIVSKA BORSHCHAGIVKA) STREET','Толстого (Софіївська Борщагівка) вул'),(1285,'TOLSTOGO (S.TROIESHCHYNA) STREET','Толстого (с. Троєщина) вул'),(1286,'TOMASHPILSKA STREET','Томашпільська вул'),(1287,'TOPOLEVA STREET','Тополева вул'),(1288,'TOVARNA STREET','Товарна вул'),(1289,'TRAKHTEMYRIVSKA STREET','Трахтемирівська вул'),(1290,'TRAKTORYSTIV STREET','Трактористів вул'),(1291,'TRANSHEINA STREET','Траншейна вул'),(1292,'TRAVNEVA/MAISKA (SOFIIVSKA BORSHCHAGIVKA) STREET','Травнева/Майська (Софіївська Борщагівка) вул'),(1293,'TRAVNEVA STREET','Травнева вул'),(1294,'TRAVNEVYI LANE','Травневий пров'),(1295,'TROKHSVIATYTELSKA STREET','Трьохсвятительська вул'),(1296,'TROPININA LANE','Тропініна пров'),(1297,'TROPININA STREET','Тропініна вул'),(1298,'TROSTIANETSKA STREET','Тростянецька вул'),(1299,'TRUBLAINI MYKOLY STREET','Трублаїні Миколи вул'),(1300,'TRUDOVA STREET','Трудова вул'),(1301,'TRUTENKA ONUFRIIA STREET','Трутенка Онуфрія вул'),(1302,'TSARYKA GRYGORIIA STREET','Царика Григорія вул'),(1303,'TSEGELNA STREET','Цегельна вул'),(1304,'TSENTRALNO-SADOVA (RUSANIVSKI SADY) STREET','Центрально-садова (Русанівські сади) вул'),(1305,'TSENTRALNYI VOKZAL','Центральний вокзал'),(1306,'TSIOLKOVSKOGO STREET','Ціолковського вул'),(1307,'TSVIETAIEVOI MARYNY STREET','Цвєтаєвої Марини вул'),(1308,'TSYMBALIV YAR LANE','Цимбалів Яр пров'),(1309,'TSYMBALIV YAR STREET','Цимбалів Яр вул'),(1310,'TSYMLIANSKYI LANE','Цимлянський пров'),(1311,'TSYTADELNA STREET','Цитадельна вул'),(1312,'TUKHACHEVSKOGO MARSHALA STREET','Тухачевського Маршала вул'),(1313,'TULCHYNSKA STREET','Тульчинська вул'),(1314,'TULUZY STREET','Тулузи вул'),(1315,'TUMANIANA OVANESA STREET','Туманяна Ованеса вул'),(1316,'TUPYKOVA GENERALA STREET','Тупикова Генерала вул'),(1317,'TURGENIEVA (S.TROIESHCHYNA) STREET','Тургенєва вул'),(1318,'TURGENIEVSKA STREET','Тургенєвська вул'),(1319,'TURIVSKA STREET','Турівська вул'),(1320,'TUTKOVSKOGO AKADEMIKA STREET','Тутковського Академіка вул'),(1321,'TVERSKA STREET','Тверська вул.'),(1322,'TVERSKYI IMPASSE','Тверський тупік'),(1323,'TYCHYNY PAVLA AVENUE','Тичини Павла просп'),(1324,'TYKHA STREET','Тиха вул'),(1325,'TYKHONIVSKYI LANE','Тихонівський пров'),(1326,'TYKHORIETSKA STREET','Тихорєцька вул'),(1327,'TYKHORIETSKYI LANE','Тихорєцький пров'),(1328,'TYKHVINSKYI LANE','Тихвінський пров'),(1329,'TYMIRIAZIEVSKA STREET','Тимірязєвська вул'),(1330,'TYMIRIAZIEVSKYI LANE','Тимірязєвський вул'),(1331,'TYMOFIEIEVOI GALI STREET','Тимофєєвої Галі вул'),(1332,'TYMOSHENKA MARSHALA STREET','Тимошенка Маршала вул'),(1333,'TYRASPILSKA STREET','Тираспільська вул'),(1334,'UCHBOVA STREET','Учбова вул'),(1335,'UCHBOVYI LANE','Учбовий пров'),(1336,'UKRAINKY LESI BOULEVARD','Українки Лесі бульвар'),(1337,'UKRAINKY LESI (SOFIIVSKA BORSHCHAGIVKA) STREET','Українки Лесі (Софіївська Борщагівка) вул'),(1338,'UKRAINKY LESI SQUARE','Українки Лесі площа'),(1339,'UKRAINKY LESI (S.TROIESHCHYNA) STREET','Українки Лесі (с.Троєщина) вул'),(1340,'UKRAINKY LESI (VYNOGRADAR) STREET','Українки Лесі (Виноградарь) вул'),(1341,'UKRAINSKA STREET','Українська вул'),(1342,'UMANSKA STREET','Уманська вул'),(1343,'UNIVERSYTETSKA STREET','Університетська вул'),(1344,'URALSKA STREET','Уральська вул'),(1345,'URALSKYI LANE','Уральський пров'),(1346,'URLIVSKA STREET','Урлівська вул'),(1347,'UROZHAINA STREET','Урожайна вул'),(1348,'USENKA PAVLA STREET','Усенка Павла вул'),(1349,'USHAKOVA ADMIRALA STREET','Ушакова Адмірала вул'),(1350,'USHYNSKOGO STREET','Ушинського вул'),(1351,'USTYMIVSKYI LANE','Устимівський пров'),(1352,'UZHGORODSKA STREET','Ужгородська вул'),(1353,'UZHGORODSKYI LANE','Ужгородський пров'),(1354,'UZHVII NATALII STREET','Ужвій Наталії вул'),(1355,'UZYNSKA STREET','Узинська вул'),(1356,'VAKULENCHUKA LANE','Вакуленчука пров'),(1357,'VAKULENCHUKA STREET','Вакуленчука вул'),(1358,'VALKIVSKA STREET','Валківська вул'),(1359,'VASHCHENKO GRYGORIIA STREET','Ващенко Григорія вул'),(1360,'VASNETSOVA STREET','Васнецова вул'),(1361,'VASYLCHENKA STREET','Васильченка вул'),(1362,'VASYLEVSKOI VANDY STREET','Василевської Ванди вул'),(1363,'VASYLIVSKA STREET','Василівська вул'),(1364,'VASYLKIVSKA STREET','Васильківська вул'),(1365,'VASYLKIVSKYI LANE','Васильківський пров'),(1366,'VATUTINA GENERALA AVENUE','Ватутіна Генерала просп'),(1367,'VATUTINA STREET','Ватутина вул'),(1368,'VAVYLOVYKH STREET','Вавилових вул'),(1369,'VCHYTELSKA STREET','Вчительська вул'),(1370,'VELYKA KYTAIVSKA STREET','Велика Китаївська вул'),(1371,'VELYKA OKRUZHNA STREET','Велика Окружна вул'),(1372,'VELYKA ZHYTOMYRSKA STREET','Велика Житомирська вул'),(1373,'VERBOLOZNA STREET','Верболозна вул'),(1374,'VERBOLOZNYI LANE','Верболозний пров'),(1375,'VERBOVA STREET','Вербова вул'),(1376,'VERBYTSKOGO ARKHITEKTORA STREET','Вербицького Архітектора вул'),(1377,'VERESHCHAGINA STREET','Верещагіна вул'),(1378,'VERESNEVA STREET','Вереснева вул'),(1379,'VERKHNIA STREET','Верхня вул'),(1380,'VERKHNII LANE','Верхній пров'),(1381,'VERKHNII VAL STREET','Верхній Вал вул'),(1382,'VERKHNOGIRSKA STREET','Верхньогірська вул'),(1383,'VERKHNOKLIUCHOVA STREET','Верхньоключова вул'),(1384,'VERKHOVNOI RADY BOULEVARD','Верховної Ради бульв'),(1385,'VERKHOVYNNA STREET','Верховинна вул'),(1386,'VERKHOVYNTSIA VASYLIA STREET','Верховинця Василя вул'),(1387,'VERNADSKOGO AKADEMIKA BOULEVARD','Вернадського Академіка бульвар'),(1388,'VERSHYGORY PETRA STREET','Вершигори Петра вул'),(1389,'VESNIANA STREET','Весняна вул'),(1390,'VIDPOCHYNKU STREET','Відпочинку вул'),(1391,'VIETROVA STREET','Вєтрова вул'),(1392,'VIISKOVA STREET','Військова вул'),(1393,'VIISKOVYI DRIVE','Військовий проїзд'),(1394,'VILDE EDUARDA STREET','Вільде Едуарда вул'),(1395,'VILIAMSA AKADEMIKA STREET','Вільямса Академіка вул'),(1396,'VILKHOVA STREET','Вільхова вул'),(1397,'VILNIUSKA STREET','Вільнюська вул'),(1398,'VILSHANSKA STREET','Вільшанська вул'),(1399,'VILSHANSKYI LANE','Вільшанський пров'),(1400,'VINNYTSKA STREET','Вінницька вул'),(1401,'VIRMENSKA STREET','Вірменська вул'),(1402,'VIRMENSKYI LANE','Вірменський пров'),(1403,'VISKOZNA STREET','Віскозна вул'),(1404,'VITCHYZNIANA STREET','Вітчизняна вул'),(1405,'VITRIANI GORY STREET','Вітряні Гори'),(1406,'VITRUKA GENERALA STREET','Вітрука Генерала вул'),(1407,'VODNYKIV STREET','Водників вул'),(1408,'VODOGINNA STREET','Водогінна вул'),(1409,'VOKZALNA SQUARE','Вокзальна пл.'),(1410,'VOKZALNA STREET','Вокзальна вул.'),(1411,'VOLGO-DONSKA STREET','Волго-Донська вул'),(1412,'VOLGO-DONSKYI LANE','Волго-Донський пров'),(1413,'VOLGOGRADSKA SQUARE','Волгоградська пл'),(1414,'VOLGOGRADSKA STREET','Волгоградська вул'),(1415,'VOLKHOVSKA STREET','Волховська вул'),(1416,'VOLKHOVSKYI LANE','Волховський пров'),(1417,'VOLKOVA KOSMONAVTA STREET','Волкова вул'),(1418,'VOLODYMYRO-LYBIDSKA STREET','Володимиро-Либідська вул'),(1419,'VOLODYMYRSKA STREET','Володимирська вул'),(1420,'VOLODYMYRSKYI DESCENT','Володимирський узвіз'),(1421,'VOLODYMYRSKYI DRIVE','Володимирський проїзд'),(1422,'VOLOSHKOVA (SOFIIVSKA BORSHCHAGIVKA) STREET','Волошкова (Софіївська Борщагівка) вул'),(1423,'VOLOSKA STREET','Волоська вул'),(1424,'VOLYNSKA STREET','Волинська вул'),(1425,'VOLZKA STREET','Волзька вул'),(1426,'VOLZKYI LANE','Волзький пров'),(1427,'VOROVSKOGO STREET','Воровського вул'),(1428,'VOSKRESENSKA STREET','Воскресенська вул'),(1429,'VOZDVYZHENSKA STREET','Воздвиженська вул'),(1430,'VOZZEDNANNIA AVE',' '),(1431,'VOZZ\'IEDNANNIA AVENUE','Возз\'єднання просп'),(1432,'VOZZIEDNANNIA AVENUE',' '),(1433,'VUZIVSKA STREET','Вузівська вул'),(1434,'VVEDENSKA STREET','Введенська вул'),(1435,'VYBORZKA STREET','Виборзька вул'),(1436,'VYDUBYTSKA STREET','Видубіцька вул'),(1437,'VYGURIVSKYI BOULEVARD','Вигурівський бульв'),(1438,'VYNAKHIDNYKIV LANE','Винахідників пров'),(1439,'VYNAKHIDNYKIV STREET','Винахідників вул'),(1440,'VYNOGRADNYI LANE','Виноградний пров'),(1441,'VYSHGORODSKA STREET','Вишгородська вул'),(1442,'VYSHNIAKIVSKA STREET','Вишняківська вул'),(1443,'VYSHNI OSTAPA STREET','Вишні Остапа вул'),(1444,'VYSOKOVOLTNYI (BORTNYCHI) LANE','Високовольтний (Бортничі) пров'),(1445,'VYSOTSKOGO VOLODYMYRA BOULEVARD','Висоцького Володимира бульв'),(1446,'VYZVOLYTELIV AVENUE','Визволителів просп'),(1447,'YABLOCHKOVA LANE','Яблочковий пров'),(1448,'YABLOCHKOVA STREET','Яблочкова вул'),(1449,'YABLONSKOI TETIANY STREET','Яблонської Тетяни вул'),(1450,'YABLUNEVA (SOVKY) STREET','Яблунева (Совки) вул'),(1451,'YABLUNEVYI LANE','Яблуневий пер'),(1452,'YAGIDNA STREET','Ягідна вул'),(1453,'YAGIDNYI LANE','Ягідний пер'),(1454,'YAGOTYNSKA STREET','Яготинська вул'),(1455,'YAKIRA STREET','Якіра вул'),(1456,'YAKUBOVSKOGO MARSHALA STREET','Якубовського Маршала вул'),(1457,'YAKUTSKA STREET','Якутська вул'),(1458,'YALTYNSKA STREET','Ялтинська вул'),(1459,'YALYNKOVA STREET','Ялинкова вул'),(1460,'YALYNKOVYI LANE','Ялинковий пров'),(1461,'YAMSKA STREET','Ямська вул'),(1462,'YANA VASYLIA STREET','Яна Василя вул'),(1463,'YANGELIA AKADEMIKA STREET','Янгеля Академіка вул'),(1464,'YANTARNA STREET','Янтарна вул'),(1465,'YARMOLY VIKTORA STREET','Ярмоли Віктора вул'),(1466,'YAROSLAVIV VAL STREET','Ярославів Вал вул'),(1467,'YAROSLAVSKA STREET','Ярославська вул'),(1468,'YAROSLAVSKYI LANE','Ярославський пров'),(1469,'YASENEVYI LANE','Ясеневий пров'),(1470,'YASLINSKA STREET','Яслінська вул'),(1471,'YASNA STREET','Ясна вул'),(1472,'YASNOGIRSKA STREET','Ясногірська вул'),(1473,'YASNYI LANE','Ясний пров'),(1474,'YASYNUVATSKYI LANE','Ясинуватський пров'),(1475,'YENISEISKA STREET','Єнісейська вул'),(1476,'YEREVANSKA STREET','Єреванська вул'),(1477,'YESENINA SERGIIA STREET','Єсеніна Сергія вул'),(1478,'YEVROPEISKA SQUARE','Європейська пл'),(1479,'YIZHAKEVYCHA IVANA STREET','Їжакевича Івана вул'),(1480,'YULAIEVA SALAVATA STREET','Юлаєва Салавата вул'),(1481,'YUNOSTI STREET','Юності вул'),(1482,'YURKIVSKA STREET','Юрківська вул'),(1483,'YURY GNATA STREET','Гната Юри вул'),(1484,'ZABILY VIKTORA STREET','Забіли Віктора вул'),(1485,'ZABOLOTNOGO AKADEMIKA STREET','Заболотного Академіка вул'),(1486,'ZADNIPROVSKOGO MYKHAILA STREET','Задніпровського Михайла вул'),(1487,'ZADOROZHNYI LANE','Задорожний пров'),(1488,'ZAKARPATSKA STREET','Закарпатська вул'),(1489,'ZAKHARIVSKA STREET','Захарівська вул'),(1490,'ZAKHIDNA STREET','Західна вул'),(1491,'ZAKREVSKOGO MYKOLY STREET','Закревського Миколи вул'),(1492,'ZALIZNYCHNA STREET','Залізнична вул'),(1493,'ZALIZNYCHNE HIGHWAY','Залізничне шосе'),(1494,'ZALKY MATE STREET','Залки Мате вул'),(1495,'ZALOMOVA PETRA STREET','Заломова Петра вул'),(1496,'ZAMISKYI LANE','Заміський пров'),(1497,'ZAMKOVETSKA STREET','Замковецька вул'),(1498,'ZAMKOVETSKYI LANE','Замковецький пров'),(1499,'ZANKOVETSKOI STREET','Заньковецької вул'),(1500,'ZAPADYNSKA STREET','Западинська вул'),(1501,'ZAPOROZHTSIA PETRA STREET','Запорожця Петра вул'),(1502,'ZAPOROZHTSIA PETRA (S.TROIESHCHYNA) STREET','Запорожця Петра (с.Троєщина)'),(1503,'ZAPOVITNA STREET','Заповітна вул'),(1504,'ZAPOVITNYI LANE','Заповітний пров'),(1505,'ZASLONOVA KOSTIANTYNA STREET','Заслонова Костянтина вул'),(1506,'ZATIEVAKHINA POLKOVNYKA STREET','Затєвахіна Полковника вул'),(1507,'ZATYSHNA STREET','Затишна вул'),(1508,'ZAVODSKA STREET','Заводська вул'),(1509,'ZAVODSKYI LANE','Заводський пров'),(1510,'ZDOLBUNIVSKA STREET','Здолбунівська вул'),(1511,'ZELENOGIRSKA STREET','Зеленогірська вул'),(1512,'ZELINSKOGO AKADEMIKA LANE','Зелінського Академіка пров'),(1513,'ZEMLIANSKA STREET','Землянська вул'),(1514,'ZEMLIANSKYI LANE','Землянський вул'),(1515,'ZENITNA STREET','Зенітна вул'),(1516,'ZGURIVSKA STREET','Згурівська вул'),(1517,'ZHABAIEVA ZHAMBYLA (KUZMYNSKA) STREET','Жабаєва Жамбила (Кузьминська) вул'),(1518,'ZHASHKIVSKA STREET','Жашківська вул'),(1519,'ZHDANOVA (BORTNYCHI) LANE','Жданова (Бортничі) пров'),(1520,'ZHELIABOVA STREET','Желябова вул'),(1521,'ZHMACHENKA GENERALA STREET','Жмаченка Генерала вул'),(1522,'ZHMERYNSKA STREET','Жмеринська вул'),(1523,'ZHMERYNSKYI LANE','Жмеринський пер'),(1524,'ZHOLUDIEVA STREET','Жолудєва вул'),(1525,'ZHOVTNEVA (SOFIIVSKA BORSHCHAGIVKA) STREET','Жовтнева (Софіївська Борщагівка) вул'),(1526,'ZHUKOVA MARSHALA STREET','Жукова Маршала вул'),(1527,'ZHUKOVSKOGO VASYLIA LANE','Жуковського Василя пров'),(1528,'ZHUKOVSKOGO VASYLIA STREET','Жуковського Василя ул'),(1529,'ZHULIANSKA (VASYLKIVSKA) STREET','Жилянська (Васильківська) вул'),(1530,'ZHYLIANSKA STREET','Жилянська вул'),(1531,'ZHYTKOVA BORYSA STREET','Житкова Бориса вул'),(1532,'ZHYTLOVA STREET','Житлова вул'),(1533,'ZHYTNOTORZKA SQUARE','Житньоторзька вул'),(1534,'ZLATOPILSKA STREET','Златопільська вул'),(1535,'ZLATOUSTIVSKA STREET','Златоустівська вул'),(1536,'ZODCHYKH STREET','Зодчих вул'),(1537,'ZOLOCHIVSKA STREET','Золочівська вул'),(1538,'ZOLOCHIVSKYI LANE','Золочівський пер'),(1539,'ZOLOTA STREET','Золота вул'),(1540,'ZOLOTONISKA STREET','Золотоніська вул'),(1541,'ZOLOTOVORITSKA STREET','Золотоворітська вул'),(1542,'ZOLOTOVORITSKYI DRIVE','Золотоворітський проїзд'),(1543,'ZOOLOGICHNA STREET','Зоологічна вул'),(1544,'ZOOTEKHNIKIV STREET','Зоотехніків вул'),(1545,'ZORIANA STREET','Зоряна вул'),(1546,'ZORIANYI LANE','Зоряний пров'),(1547,'ZOVNISHNIA STREET','Зовнішня вул'),(1548,'ZROSHUVALNA STREET','Зрошувальна вул'),(1549,'ZVIRYNETSKA STREET','Звіринецька вул'),(1550,'ZVIRYNETSKYI LANE','Звіринецький пров'),(1551,'ZYMOVA STREET','Зимова вул');
/*!40000 ALTER TABLE `streets` ENABLE KEYS */;
UNLOCK TABLES;

--
-- Table structure for table `streets_notices`
--

DROP TABLE IF EXISTS `streets_notices`;
/*!40101 SET @saved_cs_client     = @@character_set_client */;
/*!40101 SET character_set_client = utf8 */;
CREATE TABLE `streets_notices` (
  `street_id` int(11) NOT NULL,
  `notice_id` int(11) NOT NULL,
  KEY `street_id` (`street_id`),
  KEY `notice_id` (`notice_id`),
  CONSTRAINT `streets_notices_ibfk_1` FOREIGN KEY (`street_id`) REFERENCES `streets` (`id`) ON DELETE CASCADE,
  CONSTRAINT `streets_notices_ibfk_2` FOREIGN KEY (`notice_id`) REFERENCES `notices` (`id`) ON DELETE CASCADE
) ENGINE=InnoDB DEFAULT CHARSET=utf8;
/*!40101 SET character_set_client = @saved_cs_client */;

--
-- Dumping data for table `streets_notices`
--

LOCK TABLES `streets_notices` WRITE;
/*!40000 ALTER TABLE `streets_notices` DISABLE KEYS */;
/*!40000 ALTER TABLE `streets_notices` ENABLE KEYS */;
UNLOCK TABLES;

--
-- Table structure for table `users`
--

DROP TABLE IF EXISTS `users`;
/*!40101 SET @saved_cs_client     = @@character_set_client */;
/*!40101 SET character_set_client = utf8 */;
CREATE TABLE `users` (
  `id` int(11) NOT NULL AUTO_INCREMENT,
  `role` varchar(255) NOT NULL,
  `email` varchar(255) NOT NULL,
  `sn` varchar(255) NOT NULL,
  `account` varchar(255) NOT NULL,
  `password` varchar(255) DEFAULT NULL,
  `name` varchar(255) NOT NULL,
  `icon` varchar(255) DEFAULT NULL,
  `remember_token` varchar(255) DEFAULT NULL,
  PRIMARY KEY (`id`)
) ENGINE=InnoDB AUTO_INCREMENT=19 DEFAULT CHARSET=utf8;
/*!40101 SET character_set_client = @saved_cs_client */;

--
-- Dumping data for table `users`
--

LOCK TABLES `users` WRITE;
/*!40000 ALTER TABLE `users` DISABLE KEYS */;
INSERT INTO `users` VALUES (2,'user','test@gmail.com','vk.com','vk.com/key','$2y$10$1VdHyaAp4DOQ1dSHpxRQx.v0h1ypyjWzalZlUYNPeLyHvWwcyDseK','test name',NULL,NULL),(13,'user','otaman963@gmail.com','fb','94875343','$2y$10$Tl7lWkmq/6hZf7oQUIWsyO5MBvaFk8w1MiIoIoZ6w1ZaDKlgp/A3W','Сергій Бута','https://pp.vk.me/c624121/v624121343/3276d/fQlQPA68XhM.jpg','8zzTmYcOCsvRKJgooWZcUspB88sWkPDKQUnJgWWq9oyLJHdNjJP7j5lI2FB6'),(14,'admin','admin@gmail.com','vk.com','vk.com/key','$2y$10$Bj9i3PHc01ETYgmZNyXfoOhslSIuyg/1XCMTnO95d6WlqM/XmJcUu','test name',NULL,'j9XZ3HHa6QL4PnTxakU1RBi5FuTxWd0Uk26GNL74PBVy0dWlAMeFw0DXdGZw'),(17,'moderator','moder@gmail.com','vk.com','vk.com/key','$2y$10$dbmbYeCR.bcRnJnh959PseEtiPhOFfKQV3YE1RdundHyggEt5UILO','test name',NULL,'8cyMVHayuj4RpV4mXj5K1U6FVuDJt1yBxityF2oAOHIDSDv4LPqLOW2dCILQ'),(18,'user','litvinenko1995@yandex.ru','vk','39314748','$2y$10$07PkuN4ZhyG9k5KO5Y8Bc.fNBNc3Oka2JXatUgvo9T1z6jJJ8hbv2','Рома Литвиненко','https://pp.vk.me/c628024/v628024748/1fd57/Xofjjt3MTcY.jpg','jNzk23k6iBMoTPX3Kvxi1MKONoJSVdzRCdolqofpGq9aMEQzmowsnlJM6pQC');
/*!40000 ALTER TABLE `users` ENABLE KEYS */;
UNLOCK TABLES;
/*!40103 SET TIME_ZONE=@OLD_TIME_ZONE */;

/*!40101 SET SQL_MODE=@OLD_SQL_MODE */;
/*!40014 SET FOREIGN_KEY_CHECKS=@OLD_FOREIGN_KEY_CHECKS */;
/*!40014 SET UNIQUE_CHECKS=@OLD_UNIQUE_CHECKS */;
/*!40101 SET CHARACTER_SET_CLIENT=@OLD_CHARACTER_SET_CLIENT */;
/*!40101 SET CHARACTER_SET_RESULTS=@OLD_CHARACTER_SET_RESULTS */;
/*!40101 SET COLLATION_CONNECTION=@OLD_COLLATION_CONNECTION */;
/*!40111 SET SQL_NOTES=@OLD_SQL_NOTES */;

-- Dump completed on 2015-12-02 14:52:58
